Id,OverallRating,ReviewHeader,Name,Datetime,VerifiedReview,ReviewBody,TypeOfTraveller,SeatType,Route,DateFlown,SeatComfort,CabinStaffService,GroundService,ValueForMoney,Recommended,Aircraft,Food&Beverages,InflightEntertainment,Wifi&Connectivity,clean_review,wordcount,vader_compound_score,vader_prediction,"TextBlob_Analysis (Polarity, Subjectivity)",TextBlob_Analysis (Subjectivity),TextBlob_Analysis (Polarity),textblob_prediction,Transformer_Prediction,Transformer_Score,Transformer_Prediction_Specified,real_y
1269,1,"""served the worst food""",Carl Dawson,19th March 2018,TRUE,Bangkok to London. The worst long haul carrier I have flown with. A very disappointing experience starting with the booking & customer service department who failed to adhere to their price promise policy. The flights served the worst food. The Boeing 777 I flew on was very dated and had power outlets for charging phones & portable devices. The seats were uncomfortable for such a long haul flight and due to the lack of leg room you could feed the knees of the passenger behind pushing into my back for the duration of the journey. Meals were very spread out leaving passengers with no meals or snacks for 8+ hours. When i mentioned to the onboard staff I was hungry I was informed there are no snacks available and a meal would be served shortly before landing. Staff overall were uninterested and unhelpful. The dated screens which the in flight entertainment was shown on were very small and blurry with unresponsive touch screens.,Couple Leisure,Economy Class,Bangkok to London,18-Mar,1,2,1,2,no,Boeing 777,1,2,1,bangkok london. worst long haul carrier flown with. disappointing experience starting booking customer service department failed adhere price promise policy. flights served worst food. boeing 777 flew dated power outlets charging phones portable devices. seats uncomfortable long haul flight due lack leg room could feed knees passenger behind pushing back duration journey. meals spread leaving passengers meals snacks 8 hours. mentioned onboard staff hungry informed snacks available meal would served shortly landing. staff overall uninterested unhelpful. dated screens flight entertainment shown small blurry unresponsive touch screens.,161,"{'neg': 0.206, 'neu': 0.744, 'pos': 0.05, 'compound': -0.9423}",Negative,"Sentiment(polarity=-0.2716666666666666, subjectivity=0.47166666666666673)",0.47166666666666673,-0.271666667,Negative,fear,0.7128273248672485,Negative,Negative
1705,5,"""warned that BA had gone downhill""",Ivan Sterdza,22nd April 2017,FALSE,"Buenos Aires to London. I was warned that BA had gone downhill, but I decided to give it a try on this long haul flight. To start with, you cannot reserve your seat prior to check-in, unless after paying over 2000€ for a business class ticket you are willing to spend some additional 90€ per leg to have your seat reserved. I call this insane, to be honest. So I waited and waited and waited till check-in opened, and made it to get a forward facing aisle seat. LATAM Lounge in Buenos Aires was nice, food average but connecting from Santiago I had the time to take a shower, with ground crew extremely nice and attentive. Boarding was sort of a mess, as BA let frequent flyers (not flying Business) board through the Business class door, so there was a flood of people moving back and forth to get to the rear of the plane; crew simply unable to handle this process, so you did not feel like being taken care of during boarding. Aircraft was a 3-class Boeing 777-300 and looked a bit ""tired"". Seat was the absolute worst part of this flight, as it is narrow, too hard to have a nice sleep, and for aisle passengers this configuration feels like having a ""wall"" on one side and being exposed to people/trolleys passing through the aisle on the other side; once flat it is a little short too (even for me, I'm 180cm high, no giant here) and narrow so you find yourself forced to sleep on a side; in addition to that when you lie down the drawer is not accessible, therefore you have literally no space to store anything, not even your glasses if you wear them. Food was just ok (I still can't understand how BA can run out of entrée options in Business class), crew very mature for such a long trip but friendly and nice, it really shows they are suffering from these cost cuts as they keep apologizing for everything that is not available or not working. Entertainment system made me smile a bit, as the selection of movies was ok but the screen was much smaller than some other carrier Economy class ones. To sum up, it was an average flight, if it was not for the lie-flat seat I would call it more a Premium Economy experience than a Business one. BA needs to improve Business class as they are well below par if compared to almost all European carriers, not even to compare the Middle East airlines. ",Business,Business Class,Buenos Aires to London,17-Apr,2,4,4,3,no,Boeing 777-300,3,3,,buenos aires london. warned ba gone downhill decided give try long haul flight. start cannot reserve seat prior check unless paying 2000 business class ticket willing spend additional 90 per leg seat reserved. call insane honest. waited waited waited till check opened made get forward facing aisle seat. latam lounge buenos aires nice food average connecting santiago time take shower ground crew extremely nice attentive. boarding sort mess ba let frequent flyers flying business board business class door flood people moving back forth get rear plane crew simply unable handle process feel like taken care boarding. aircraft 3 class boeing 777 300 looked bit tired . seat absolute worst part flight narrow hard nice sleep aisle passengers configuration feels like wall one side exposed people trolleys passing aisle side flat little short even 180cm high giant narrow find forced sleep side addition lie drawer accessible therefore literally space store anything even glasses wear them. food ok still cannot understand ba run entr e options business class crew mature long trip friendly nice really shows suffering cost cuts keep apologizing everything available working. entertainment system made smile bit selection movies ok screen much smaller carrier economy class ones. sum average flight lie flat seat would call premium economy experience business one. ba needs improve business class well par compared almost european carriers even compare middle east airlines.,437,"{'neg': 0.101, 'neu': 0.736, 'pos': 0.163, 'compound': 0.9479}",Positive,"Sentiment(polarity=0.05258130081300814, subjectivity=0.4885772357723576)",0.4885772357723576,0.052581301,Positive,love,0.5888908505439758,Positive,Negative
3588,7,British Airways customer review,H Davis,16th June 2014,FALSE,Recently travelled LHR to San Francisco and returned via Las Vegas flight BA0264. Some years since doing long haul and forget how tiring it can be. Flight out was 'ok' but return not so. Outbound spoilt by an hour or so delay when boarded as they decided to change one of the wheels glad they did though. Return yesterday not so good as flight again delayed by about one and a half hours but no real explanation. I realise people want to sleep but they can be so inconsiderate at times. No sooner in their seats and fully reclined. Meal was just adequate curried chicken but breakfast of a very hard croissant with jam a nutty bar some dried cranberries and coffee was not what I really wanted after a delayed 9 hour flight. Entertainment had good choices but sound quality was poor. Boarding process in Las Vegas was rather shambolic. Will still try and 'fly the flag' again.,,Economy Class,,,3,3,,4,yes,,3,3,,recently travelled lhr san francisco returned via las vegas flight ba0264. years since long haul forget tiring be. flight ok return so. outbound spoilt hour delay boarded decided change one wheels glad though. return yesterday good flight delayed one half hours real explanation. realise people want sleep inconsiderate times. sooner seats fully reclined. meal adequate curried chicken breakfast hard croissant jam nutty bar dried cranberries coffee really wanted delayed 9 hour flight. entertainment good choices sound quality poor. boarding process las vegas rather shambolic. still try fly flag again.,159,"{'neg': 0.144, 'neu': 0.694, 'pos': 0.162, 'compound': 0.4336}",Neutral,"Sentiment(polarity=0.1640625, subjectivity=0.5213541666666667)",0.5213541666666667,0.1640625,Positive,joy,0.5879395008087158,Positive,Negative
2334,9,"""seat selection costs extra""",Harry Aronowicz,2nd April 2016,FALSE,"Toronto to London sleeper service means you can have a buffet dinner in the lounge rather than onboard the plane to maximise rest time. Excellent flight, LHR fast track system allowed for speedy connection onto my flight to Berlin. Heathrow to Berlin a pleasant flight with excellent service. The negative issue is that British Airways business class seat selection costs extra if done in advance.",Couple Leisure,Business Class,YYZ to TXL via LHR,16-Mar,5,5,5,4,yes,Boeing 787 / A320,5,5,,toronto london sleeper service means buffet dinner lounge rather onboard plane maximise rest time. excellent flight lhr fast track system allowed speedy connection onto flight berlin. heathrow berlin pleasant flight excellent service. negative issue british airways business class seat selection costs extra done advance.,65,"{'neg': 0.068, 'neu': 0.735, 'pos': 0.197, 'compound': 0.7906}",Positive,"Sentiment(polarity=0.37619047619047624, subjectivity=0.5809523809523809)",0.5809523809523809,0.37619047619047624,Positive,joy,0.9969711303710938,Positive,Positive
856,7,"""more cramped than I expected""",Janet Elphick,14th June 2019,FALSE,"London to Vancouver. Economy was a lot more cramped than I expected. BA had crammed seats in. Crew were okay. Food reasonable really although I had upgraded my food which came before everyone else had theirs which was a shame. Flew back premium class, more room. I probably won’t use them in November when I go back. Timing was good and air quality felt ok as I didn’t get a headache.",Solo Leisure,Economy Class,London to Vancouver,19-Jun,2,4,3,3,no,A380,4,2,1,london vancouver. economy lot cramped expected. ba crammed seats in. crew okay. food reasonable really although upgraded food came everyone else shame. flew back premium class room. probably use november go back. timing good air quality felt ok get headache.,73,"{'neg': 0.067, 'neu': 0.781, 'pos': 0.152, 'compound': 0.4404}",Neutral,"Sentiment(polarity=0.25, subjectivity=0.35)",0.35,0.25,Positive,joy,0.9964724779129028,Positive,Positive
684,5,"""lacks personalized attention""",Everardus Hamans,2nd December 2019,TRUE,"Brussels to Bangkok via London. Club World from London to Bangkok on 17 Nov 2019, seats 15C and 15D. It was a Boeing 777, with a 2-4-2 seat configuration in the business cabin, which gives the cabin a crowded impression. The seats are comfortable, with a flat bed (+mattress!), good selection of entertainment, although a rather small screen. The food menu offers different choices of starters, main course and desserts. The food was disappointing, I had smoked salmon as a starter, and British Beef as main course. My soup was cold, mybeef was overcooked) and quantity was economy class-like. The service is very friendly, but not personal. I’m used to be adressed by my name when I fly business class.  While serving the meals, they forget serving me wine. The amount of cabin crew is not enough for a crowded business class cabin. After dinner I went to sleep. The seat is turned into a real bed, with an extra mattress and a good pillow. The space is narrow, it is difficult to make the bed. Once the bed is made, there is no place to put  personal stuff. I had a real good night of sleep though. If your seat is not at the aisle, you have to step over someones legs to go to the toilet. The toilets are small and simple, not cleaned frequently enough. When I woke up, breakfast service was running.  The breakfast is good.  Yoghurt, pastries, fresh fruit, and a full English Breakfast. Overall, British Airways World Club is a rather standard Business Class, lacks personalized attention and lacks the feel good experience.  If BA wants to compete, they have a long way to go. I hope they can make it up a bit on our return flight.",Business,Business Class,Brussels to Bangkok via London,19-Nov,4,2,4,3,no,Boeing 777,2,3,,brussels bangkok via london. club world london bangkok 17 nov 2019 seats 15c 15d. boeing 777 2 4 2 seat configuration business cabin gives cabin crowded impression. seats comfortable flat bed mattress good selection entertainment although rather small screen. food menu offers different choices starters main course desserts. food disappointing smoked salmon starter british beef main course. soup cold mybeef overcooked quantity economy class like. service friendly personal. used adressed name fly business class. serving meals forget serving wine. amount cabin crew enough crowded business class cabin. dinner went sleep. seat turned real bed extra mattress good pillow. space narrow difficult make bed. bed made place put personal stuff. real good night sleep though. seat aisle step someone legs go toilet. toilets small simple cleaned frequently enough. woke breakfast service running. breakfast good. yoghurt pastries fresh fruit full english breakfast. overall british airways world club rather standard business class lacks personalized attention lacks feel good experience. ba wants compete long way go. hope make bit return flight.,299,"{'neg': 0.04, 'neu': 0.784, 'pos': 0.176, 'compound': 0.9744}",Positive,"Sentiment(polarity=0.12083333333333335, subjectivity=0.40830026455026464)",0.40830026455026464,0.12083333333333335,Positive,joy,0.9202486872673035,Positive,Negative
698,2,"""a remarkably bad experience""",J Cohlen,16th November 2019,TRUE,"London to Vancouver. I used to fly this aircraft and route for many years until it was no longer priced competitively. I flew on the 14th and it was a remarkably bad experience. Food service was very poor in most aspects. I had the chicken tandoori which was far too spicy for most palettes. No drink was offered with the meal which was astonishing. Rather, tea and coffee an obviously far cheaper offering was supplied soon after the dinner tray was handed. I had to ask twice for a beer before it was delivered.This then put me out of sync with the service. The one time (yes one time!) offer of tea and coffee was then obviously missed by me completely. Service itself was not good with no warmth or hospitality. On a 9hr flight engagement is pretty critical! Our hostess/host seemed to be only interested in those sitting in the extra legroom seats and essentially ignored everyone else. The cold snack was a cold tasteless sandwich just prior to landing. The entertainment system is a joke as it is so old. I had become so accustomed to a normal/newish TV screen that I was blown away that this system was still in place. The screen size was the equivalent of your phone’s. No music selection worth talking about so I just used my iPad. On this or similar routes I have flown Air Canada, WestJet, Virgin Atlantic, Air Transat. BA was by far the worst and some of those airlines are budget in nature and offer paid meals only. I cannot believe that the mighty BA offers such a terrible product in 2019. I will spend more to fly better and actively avoid BA on long haul.",Solo Leisure,Economy Class,London to Vancouver,19-Nov,2,2,2,3,no,Boeing 747-400,2,1,,london vancouver. used fly aircraft route many years longer priced competitively. flew 14th remarkably bad experience. food service poor aspects. chicken tandoori far spicy palettes. drink offered meal astonishing. rather tea coffee obviously far cheaper offering supplied soon dinner tray handed. ask twice beer delivered.this put sync service. one time yes one time offer tea coffee obviously missed completely. service good warmth hospitality. 9hr flight engagement pretty critical hostess host seemed interested sitting extra legroom seats essentially ignored everyone else. cold snack cold tasteless sandwich prior landing. entertainment system joke old. become accustomed normal newish tv screen blown away system still place. screen size equivalent phone s. music selection worth talking used ipad. similar routes flown air canada westjet virgin atlantic air transat. ba far worst airlines budget nature offer paid meals only. cannot believe mighty ba offers terrible product 2019. spend fly better actively avoid ba long haul.,291,"{'neg': 0.126, 'neu': 0.709, 'pos': 0.164, 'compound': 0.7226}",Positive,"Sentiment(polarity=0.0019607843137254967, subjectivity=0.657843137254902)",0.657843137,0.001960784,Positive,sadness,0.9574238657951355,Negative,Negative
1015,7,"""most uncomfortable plane""",Peter Driscoll,29th December 2018,FALSE,"Gatwick to Tenerife. This aircraft either needs a refit or needs retiring! G-MEDK is by far the most uncomfortable plane I have ever been on. I paid extra for an extra leg room seat - 12A because I always feel happier without my knees under my chin for a four hour flight. I reckon it was no more than half an hour into my flight that the total lack of padding on the seat turned this flight into an ordeal. It was like sitting on concrete! I would imagine that when this aircraft was new (2005 I believe) the leather seating was quite yielding and comfortable but now with thirteen years of backsides compressing the padding, it was dreadful. I took the precaution of changing my seat for the return and sneaking on a seat pad purchased in Lanzarote which, coupled with there being no passengers next to me, made the flight in 11F a little more bearable. Staff were fine on the outward leg but a little tired by the time I returned at night ten days later. I normally travel Easyjet on this route but on this occasion, I used some Avios to make the flight less expensive. Easyjet offer two trolley runs but only 1 on these BA flights. With their diminishing attitude to customer welfare, I will not use BA on any lengthy flights as the service and comfort offered by Easyjet is, in my experience, far superior.
",Solo Leisure,Economy Class,Gatwick to Tenerife,18-Dec,1,3,5,3,no,A320,4,,,gatwick tenerife. aircraft either needs refit needs retiring g medk far uncomfortable plane ever on. paid extra extra leg room seat 12a always feel happier without knees chin four hour flight. reckon half hour flight total lack padding seat turned flight ordeal. like sitting concrete would imagine aircraft new 2005 believe leather seating quite yielding comfortable thirteen years backsides compressing padding dreadful. took precaution changing seat return sneaking seat pad purchased lanzarote coupled passengers next made flight 11f little bearable. staff fine outward leg little tired time returned night ten days later. normally travel easyjet route occasion used avios make flight less expensive. easyjet offer two trolley runs 1 ba flights. diminishing attitude customer welfare use ba lengthy flights service comfort offered easyjet experience far superior.,242,"{'neg': 0.074, 'neu': 0.806, 'pos': 0.12, 'compound': 0.7655}",Positive,"Sentiment(polarity=-0.04342286501377412, subjectivity=0.5085399449035812)",0.5085399449035812,-0.043422865,Negative,joy,0.9911946058273315,Positive,Negative
1946,2,"""like some cut-rate budget airline""",S Mallen,8th December 2016,FALSE,"I have been a loyal BA frequent flyer for a decade but with their recent cutbacks this might well change. On my recent long haul flight to Nairobi from London, I was shocked to find that the usual tray of snacks available through the flight was no longer available for free - like some cut-rate budget short haul airline, you have to pay. However, unlike a budget airline, BA fares remain higher than most. I returned from Nairobi in premium economy - yet instead of getting something for the substantial extra fare I paid to be in premium, breakfast consisted of 1 muffin - literally 1 muffin only - no juice, no fruit, no nothing. It is a disgrace and disrespectful to customers who have, as I have always done, accepted the higher fares for better service. Even the flight attendants are embarrassed with the new bare bones regime. It is no fun for them to suddenly be charging for token treats which have always been free. Note that BA never cut fares when the price of oil halved, making the current cutbacks about pure avarice. Disrespecting and providing poor service to your loyal customers while charging a premium is not a winning formula. And I wouldn't blame your invariably brilliant flight attendants decamping elsewhere where they will be better treated. The final insult was the response I got when I tweeted my above complaints. I was told that extensive customer research showed customers wanted to be charged for previously free snacks and preferred getting 1 muffin instead of the usual breakfast - while paying the same fare. Which as is apparent to all, a complete lie and insult to injury. I am flying again next week LON - NYC and hope, not optimistically, for better. ",Business,Premium Economy,NBO to LHR,16-Dec,2,3,2,1,no,,1,3,,loyal ba frequent flyer decade recent cutbacks might well change. recent long haul flight nairobi london shocked find usual tray snacks available flight longer available free like cut rate budget short haul airline pay. however unlike budget airline ba fares remain higher most. returned nairobi premium economy yet instead getting something substantial extra fare paid premium breakfast consisted 1 muffin literally 1 muffin juice fruit nothing. disgrace disrespectful customers always done accepted higher fares better service. even flight attendants embarrassed new bare bones regime. fun suddenly charging token treats always free. note ba never cut fares price oil halved making current cutbacks pure avarice. disrespecting providing poor service loyal customers charging premium winning formula. would blame invariably brilliant flight attendants decamping elsewhere better treated. final insult response got tweeted complaints. told extensive customer research showed customers wanted charged previously free snacks preferred getting 1 muffin instead usual breakfast paying fare. apparent complete lie insult injury. flying next week lon nyc hope optimistically better.,292,"{'neg': 0.14, 'neu': 0.613, 'pos': 0.247, 'compound': 0.9739}",Positive,"Sentiment(polarity=0.16298100048100048, subjectivity=0.4820707070707071)",0.4820707070707071,0.16298100048100048,Positive,anger,0.9554445147514343,Negative,Negative
3117,1,British Airways customer review,A Cogan,24th February 2015,FALSE,Beyond Appalling. Flight delayed by ten minutes departing Rome to LHR. As a result one passenger decided he was going to miss his connection in LHR. He was allowed disembark thus leading to a delay in departure from Rome of over 1 hour 30 minutes. Consequent late arrival to LHR. Missed connecting flight. Abandoned in Heathrow at 10.30 on a Sunday night had to book new flights miss a day work find a hotel for the night. Ground staff of no use whatsoever. Staff totally unhelpful. Taking things to a logical conclusion what was to stop more passengers disembarking before departure thus delaying the flight ad infinitum. Correspondence/ contact with BA has been a joke since.,,Economy Class,,,3,1,,1,no,,2,3,,beyond appalling. flight delayed ten minutes departing rome lhr. result one passenger decided going miss connection lhr. allowed disembark thus leading delay departure rome 1 hour 30 minutes. consequent late arrival lhr. missed connecting flight. abandoned heathrow 10.30 sunday night book new flights miss day work find hotel night. ground staff use whatsoever. staff totally unhelpful. taking things logical conclusion stop passengers disembarking departure thus delaying flight ad infinitum. correspondence contact ba joke since.,116,"{'neg': 0.207, 'neu': 0.766, 'pos': 0.026, 'compound': -0.9022}",Negative,"Sentiment(polarity=-0.043939393939393924, subjectivity=0.49242424242424243)",0.49242424242424243,-0.043939394,Negative,sadness,0.7095059752464294,Negative,Negative
146,9,"""Service was good""",E Smyth,29th May 2023,TRUE,"Busy day at LHR and flight full. Lounge crowded but B gates lounge quieter. Flight left on time, very professional crew, greeted by name and executive club status acknowledged and thanked for return custom. A nice touch. Service was good. Food average. Entertainment good. Early arrival, quick processing at JFK. All good.",Family Leisure,Premium Economy,London to New York,23-May,4,4,4,4,yes,Boeing 777-300,3,5,5,busy day lhr flight full. lounge crowded b gates lounge quieter. flight left time professional crew greeted name executive club status acknowledged thanked return custom. nice touch. service good. food average. entertainment good. early arrival quick processing jfk. good.,52,"{'neg': 0.0, 'neu': 0.616, 'pos': 0.384, 'compound': 0.9538}",Positive,"Sentiment(polarity=0.3212121212121212, subjectivity=0.44999999999999996)",0.44999999999999996,0.3212121212121212,Positive,joy,0.7558943033218384,Positive,Positive
2452,8,"""time to upgrade the cabin""",J vanRooyen,12th January 2016,FALSE,"Club class on British Airways between Cape Town and London. Boeing 747-400 has the flat bed and while the quality of the cabin was inferior to the A380 between London and Johannesburg, it remains one of the better business class product. Check in at the BA counters in Cape Town would have been a breeze, was it not for the unexpected six hour delay in the departure of the flight. The upgrade from Premium to Club class made this inconvenience almost bearable. However,  Cape Town airport becomes like a ghost town when all flights but yours have departed. BA's Executive lounge in Cape Town is spacious and serves good food and Cape wines. There are free internet and computers and a friendly service, even at midnight. While comfortable, BA's Club seats on the 747 can do with an upgrade. They are configured in a 2-4-2 layout, with one passenger facing forward and the one adjacent facing backward, at the side row - the middle row has two forward and two backward facing. This is something I never understood - why facing backward because it just makes no sense. The seats are separated by a hard plastic cseparator that moves up and down with the push of a button. Theoretically, the air hostess should walk behind the front-facing seat to serve the backward-facing passenger at the window - however, on my flight the air hostess insisted on leaning over me, pushing the button to lower the separator and serving the accross my seat - after about three times this really got annoying. The problem is that if you don't raise the separator, you and your fellow passengers stare straight at each other from a distance of less than one meter. Food was satisfactory, rather than outstanding. . The starter choices were poached Norwegian Salmon with marinated prawns or an oyster mushroom salad. Main courses included Ballotine of chicken with Port, Drakensberg trout, pasta or a cold main course salad of za'atar beef medallion. I chose the chicken and it was OK, but inferior to my mother's Sunday roast chicken. There was a selection of South African Chardonnay, Sauvignon Blanc and some good reds. Breakfast was a choice of a cheese omelette, continental or a traditional English breakfast with bacon, sausages, mushrooms and potatoes. Arriving in London, I took the supposedly fast track option - a big mistake. In theory this is supposed to expedite your progress through customs as a Club passenger, but in practice it was a disaster - there were only two or three border agents present at any time and it took 45 to 60 minutes to get through the fast track immigration - I could see group after group of fellow BA passengers clearing the slow lane long before I took the next few steps forward. BA arrivals lounge was a welcome relief from the hustle and bustle of Heathrow Terminal 5. All in all, not a bad experience, but having flown on these seats quite a few times over the past 15 or more years, I really think it is time to either upgrade the Club cabin on the 747's.",Solo Leisure,Business Class,CPT to LHR,15-Feb,4,3,4,4,yes,Boeing 747,4,4,,club class british airways cape town london. boeing 747 400 flat bed quality cabin inferior a380 london johannesburg remains one better business class product. check ba counters cape town would breeze unexpected six hour delay departure flight. upgrade premium club class made inconvenience almost bearable. however cape town airport becomes like ghost town flights departed. ba executive lounge cape town spacious serves good food cape wines. free internet computers friendly service even midnight. comfortable ba club seats 747 upgrade. configured 2 4 2 layout one passenger facing forward one adjacent facing backward side row middle row two forward two backward facing. something never understood facing backward makes sense. seats separated hard plastic cseparator moves push button. theoretically air hostess walk behind front facing seat serve backward facing passenger window however flight air hostess insisted leaning pushing button lower separator serving accross seat three times really got annoying. problem raise separator fellow passengers stare straight distance less one meter. food satisfactory rather outstanding. . starter choices poached norwegian salmon marinated prawns oyster mushroom salad. main courses included ballotine chicken port drakensberg trout pasta cold main course salad za atar beef medallion. chose chicken ok inferior mother sunday roast chicken. selection south african chardonnay sauvignon blanc good reds. breakfast choice cheese omelette continental traditional english breakfast bacon sausages mushrooms potatoes. arriving london took supposedly fast track option big mistake. theory supposed expedite progress customs club passenger practice disaster two three border agents present time took 45 60 minutes get fast track immigration could see group group fellow ba passengers clearing slow lane long took next steps forward. ba arrivals lounge welcome relief hustle bustle heathrow terminal 5. bad experience flown seats quite times past 15 years really think time either upgrade club cabin 747 s.,528,"{'neg': 0.095, 'neu': 0.784, 'pos': 0.121, 'compound': 0.8576}",Positive,"Sentiment(polarity=0.023125, subjectivity=0.46479166666666655)",0.46479166666666655,0.023125,Positive,joy,0.8154880404472351,Positive,Positive
228,8,"""crew were really nice""",Abs Ahmed,16th February 2023,TRUE,"This was my first time flying with BA & I was pleasantly surprised. Islamabad via Doha was very comfortable and the crew were great, friendly and helpful. The second flight was operated by Qatar Airways this was from Doha to Islamabad. My return journey was a direct BA flight, 46kg luggage allowance was really generous and stopped the hassle with connecting flights. Crew on this flight were really nice too. What let BA down was the food, it really was not nice, the IFE could do with some more content but that's not really a huge issue.",Couple Leisure,Economy Class,Islamabad to London,23-Feb,4,5,4,5,yes,,2,3,,first time flying ba pleasantly surprised. islamabad via doha comfortable crew great friendly helpful. second flight operated qatar airways doha islamabad. return journey direct ba flight 46kg luggage allowance really generous stopped hassle connecting flights. crew flight really nice too. let ba food really nice ife could content really huge issue.,97,"{'neg': 0.03, 'neu': 0.548, 'pos': 0.422, 'compound': 0.981}",Positive,"Sentiment(polarity=0.3477272727272727, subjectivity=0.6166666666666667)",0.6166666666666667,0.3477272727272727,Positive,joy,0.586449385,Positive,Positive
3006,9,British Airways customer review,Clive V Drake,5th May 2015,FALSE,"LGW-Pisa. I wrote a positive experience a few weeks ago - on the LHR route to Pisa. I am pleased to write (wait for it) another positive review. This time it was the ""old"" Club Europe and better in my view. As I said before its a shame BA cannot produce something exceptional rather than ""Very Good"" when it comes to the seat. The lounge was okay - not to crowded. Flight left 10 minutes late. Very nice meal on board. Really tasty and fresh. Nice smoked salmon and so on. A few Gin and T's washed it down. Friendly FA's. Smooth flight. My only gripe we were parked off station on the outer airport - like Ryanair. A small hassle with a walk over the tarmac. Bags were not given priority which was annoying. All in all - a good experience.",,Business Class,,,3,5,,4,yes,,5,1,,lgw pisa. wrote positive experience weeks ago lhr route pisa. pleased write wait another positive review. time old club europe better view. said shame ba cannot produce something exceptional rather good comes seat. lounge okay crowded. flight left 10 minutes late. nice meal board. really tasty fresh. nice smoked salmon on. gin washed down. friendly fa s. smooth flight. gripe parked station outer airport like ryanair. small hassle walk tarmac. bags given priority annoying. good experience.,141,"{'neg': 0.057, 'neu': 0.606, 'pos': 0.338, 'compound': 0.9794}",Positive,"Sentiment(polarity=0.2545328282828283, subjectivity=0.568989898989899)",0.568989899,0.2545328282828283,Positive,joy,0.9971930384635925,Positive,Positive
514,1,"""our national flag carrier is being comfortably out performed by budget airlines""",J Makin,2nd October 2021,FALSE,I’ve had to book six flights with BA recently. All have either been cancelled or had a significant time change. The latest flight was so late into Heathrow we missed our connecting flight even though we’d scheduled around 2 hours between flights. BA staff at Heathrow were rude and generally clueless for the most part. They couldn’t get us to our destination within 24 hours of our scheduled arrival time. We booked an easyJet flight from Gatwick instead and had to pay to get ourselves to Gatwick. A complaint was registered several weeks ago with no response so far. Perhaps BA have a backlog of complaints the way they are performing at the moment. It’s an embarrassment that our national flag carrier is being comfortably out performed by budget airlines but that appears to be the case at the moment.,Couple Leisure,Economy Class,Manchester to Aberdeen via Heathrow,21-Aug,1,1,1,1,no,A320,1,,1,book six flights ba recently. either cancelled significant time change. latest flight late heathrow missed connecting flight even though would scheduled around 2 hours flights. ba staff heathrow rude generally clueless part. could get us destination within 24 hours scheduled arrival time. booked easyjet flight gatwick instead pay get gatwick. complaint registered several weeks ago response far. perhaps ba backlog complaints way performing moment. embarrassment national flag carrier comfortably performed budget airlines appears case moment.,144,"{'neg': 0.216, 'neu': 0.731, 'pos': 0.053, 'compound': -0.9062}",Negative,"Sentiment(polarity=0.052500000000000005, subjectivity=0.5725)",0.5725,0.052500000000000005,Positive,anger,0.8168617486953735,Negative,Negative
1446,10,"""would highly recommend""",J Barten,8th October 2017,FALSE,"Orlando to Gatwick. The staff that looked after us flying out to Florida and home were outstanding, on the way home the seating had been already arranged and my seat was separate from my two children, I was really worried about flying home away from my children, I spoke to the flight supervisor who kindly asked two passengers if they would switch seats which they were happy to do. The seats were very good and went back enough so you were able to get to sleep, the only thing we weren’t to happy with was the movies but I guess you can’t have everything. All in all I would book to fly with BA again and would highly recommend.",Family Leisure,Economy Class,Orlando to Gatwick,17-Sep,5,5,5,5,yes,,4,1,,orlando gatwick. staff looked us flying florida home outstanding way home seating already arranged seat separate two children really worried flying home away children spoke flight supervisor kindly asked two passengers would switch seats happy do. seats good went back enough able get sleep thing happy movies guess cannot everything. would book fly ba would highly recommend.,120,"{'neg': 0.034, 'neu': 0.687, 'pos': 0.279, 'compound': 0.9571}",Positive,"Sentiment(polarity=0.45999999999999996, subjectivity=0.6490909090909092)",0.6490909090909092,0.45999999999999996,Positive,joy,0.9954782128334045,Positive,Positive
468,9,"""Very nice return flight with BA""",T Sharp,29th December 2021,TRUE,"Very nice return flight with BA. To add to my previous review, I really like how BA organises boarding and disembarking processes in groups, this is super comfortable as 100+ passengers don’t jump out and then sweat in a queue when the gate is not even there. The A320 was new and the cabin had a fresh feeling with nice mood lighting. Row 1 has an enhanced legroom and thus, makes the 1-hour hop very comfortable. Once again, amazing staff, and they were even more attentive and accommodating to Gold level passengers: always coming and asking if any help is needed. Lovely humus, beetroot and quinoa salad for food. Great WiFi at really competitive pricing + I think it is great that they also have food / alcohol offered to buy online for all travel classes. Domestic T5 arrivals is a breeze.",Solo Leisure,Business Class,Edinburgh to London,21-Dec,4,5,5,4,yes,A320-200,4,,5,nice return flight ba. add previous review really like ba organises boarding disembarking processes groups super comfortable 100 passengers jump sweat queue gate even there. a320 new cabin fresh feeling nice mood lighting. row 1 enhanced legroom thus makes 1 hour hop comfortable. amazing staff even attentive accommodating gold level passengers always coming asking help needed. lovely humus beetroot quinoa salad food. great wifi really competitive pricing think great also food alcohol offered buy online travel classes. domestic t5 arrivals breeze.,142,"{'neg': 0.0, 'neu': 0.601, 'pos': 0.399, 'compound': 0.9913}",Positive,"Sentiment(polarity=0.3814393939393939, subjectivity=0.6211174242424241)",0.6211174242424241,0.3814393939393939,Positive,joy,0.9204788208007812,Positive,Positive
3246,3,British Airways customer review,H Blackhall,18th December 2014,FALSE,LGW-TFS in November 2014. Flight left Gatwick at about 0900hrs to arrive Tenerife at 1340 hours. We were served a croissant and cereal bar plus coffee and a yoghurt at about 1000hrs. No further trolley service at all during this four and a half hour flight. On the return leg leaving Tenerife at 1415hrs we were served a wrap and a cheese roll with either drink from the bar or hot drink. The drinks were served after the meal. No further trolley service. The seating configuration was tight to say the least and I am 5'8. This felt like a budget airline flight. The Captain asked us to enjoy British Airways hospitality!,,Economy Class,,,2,1,,3,no,,1,1,,lgw tfs november 2014. flight left gatwick 0900hrs arrive tenerife 1340 hours. served croissant cereal bar plus coffee yoghurt 1000hrs. trolley service four half hour flight. return leg leaving tenerife 1415hrs served wrap cheese roll either drink bar hot drink. drinks served meal. trolley service. seating configuration tight say least 5 8. felt like budget airline flight. captain asked us enjoy british airways hospitality,114,"{'neg': 0.0, 'neu': 0.915, 'pos': 0.085, 'compound': 0.6908}",Positive,"Sentiment(polarity=0.0006802721088435429, subjectivity=0.31462585034013607)",0.31462585034013607,0.000680272,Positive,joy,0.592528224,Positive,Neutral
637,1,"""luggage was not loaded""",M Halten,20th January 2020,TRUE,"Singapore to Paris via London. The flight was a ok, dated seating with shakey arms not the most comfortable but a serviceable experience. However our luggage was not loaded onto the flight, the second time this happened now with BA and despite a 13 hour flight, 2 hour stopover, and 1 hour flight to Paris BA did not make any effort to inform us at any time of the issue. Instead after travelling for around 17 hours we had to wait for the baggage to all come and clear before we realised ours was missing. Being a Sunday and most shops close at lunchtime that also left little time to buy emergency items and the despite knowing they hadn’t loaded the baggage they could not find a way to send it quicker than 24 hours after arrival meaning 2 out of 3 days in Paris will be spent without luggage.",Couple Leisure,Business Class,Singapore to Paris via London,20-Jan,3,4,1,2,no,Boeing 777,4,4,,singapore paris via london. flight ok dated seating shakey arms comfortable serviceable experience. however luggage loaded onto flight second time happened ba despite 13 hour flight 2 hour stopover 1 hour flight paris ba make effort inform us time issue. instead travelling around 17 hours wait baggage come clear realised missing. sunday shops close lunchtime also left little time buy emergency items despite knowing loaded baggage could find way send quicker 24 hours arrival meaning 2 3 days paris spent without luggage.,151,"{'neg': 0.053, 'neu': 0.852, 'pos': 0.095, 'compound': 0.552}",Positive,"Sentiment(polarity=0.06406250000000001, subjectivity=0.2916666666666667)",0.2916666666666667,0.0640625,Positive,fear,0.47819092869758606,Negative,Negative
601,3,"""unfriendly and inconsiderate to me""",J Hensen,14th March 2020,TRUE,"Frankfurt to Buenos Aires via London in October 2019. The aircraft is very old with small screens and ample entertainment, which becomes an issue flying +10hrs. The 1 hour layover was a complete disaster. The staff was unfriendly and inconsiderate to me. ",Business,Economy Class,Frankfurt to Buenos Aires via London,19-Oct,2,3,1,1,no,,3,2,,frankfurt buenos aires via london october 2019. aircraft old small screens ample entertainment becomes issue flying 10hrs. 1 hour layover complete disaster. staff unfriendly inconsiderate me.,42,"{'neg': 0.285, 'neu': 0.631, 'pos': 0.084, 'compound': -0.7717}",Negative,"Sentiment(polarity=-0.016666666666666663, subjectivity=0.3333333333333333)",0.3333333333333333,-0.016666667,Negative,anger,0.9891436696052551,Negative,Negative
2849,6,British Airways customer review,Edwin Ng,21st July 2015,FALSE,"Flight was decent. Have to say the seat was rather cramp. I'm 180cm, or 5 foot 9, sat at seat 32F. Inflight entertainment was alright, but do take note to always unplug the headset whenever you get out of your seat. It damages easily if it gets caught on something. I had to change 2 headsets because of that, because being in a aisle seat, you have to get off when someone wants to use the lavatory, thus remember to unplug it if you intend to get up from your seat. Service was alright. I requested for eye shades, and it came about 1hr later, crew must have forgotten about my request. I didn't pursue it as I thought I could just head to the back galley and request for them after my movie. In terms of food, it was appalling and greasy. Overall, I will not say never again, but given a choice, I'd look out for Singapore Airlines first, then the big 3 Gulf carriers. For the right price I'd do BA again, otherwise, there are better ways to suffer than that cramped seat",Solo Leisure,Economy Class,London to Singapire,15-Jul,2,3,4,4,no,Boeing 777-300,3,4,,flight decent. say seat rather cramp. 180cm 5 foot 9 sat seat 32f. inflight entertainment alright take note always unplug headset whenever get seat. damages easily gets caught something. change 2 headsets aisle seat get someone wants use lavatory thus remember unplug intend get seat. service alright. requested eye shades came 1hr later crew must forgotten request. pursue thought could head back galley request movie. terms food appalling greasy. overall say never given choice would look singapore airlines first big 3 gulf carriers. right price would ba otherwise better ways suffer cramped seat,190,"{'neg': 0.122, 'neu': 0.762, 'pos': 0.117, 'compound': -0.128}",Neutral,"Sentiment(polarity=0.13506493506493508, subjectivity=0.3608225108225108)",0.3608225108225108,0.13506493506493508,Positive,sadness,0.964360774,Negative,Negative
734,9,"""Couldn’t ask for more""",Alan Thompson,12th October 2019,TRUE,"Great all round. BA2591, 11 October. Good price, easy boarding, lovely cabin crew, great iced coffee on sale. Comfortable, on time and a nice smile from the cabin and flight crew after a windy landing. Couldn’t ask for more (until they reinstate a free drink and sandwich).",Couple Leisure,Economy Class,Bari to London Gatwick,19-Sep,4,5,4,5,yes,A319,4,,,great round. ba2591 11 october. good price easy boarding lovely cabin crew great iced coffee sale. comfortable time nice smile cabin flight crew windy landing. could ask reinstate free drink sandwich .,49,"{'neg': 0.0, 'neu': 0.426, 'pos': 0.574, 'compound': 0.9829}",Positive,"Sentiment(polarity=0.47333333333333333, subjectivity=0.6783333333333333)",0.6783333333333333,0.47333333333333333,Positive,love,0.9442530274391174,Positive,Positive
2714,9,"""enjoyed the flight in Club World""",C Sansom,19th September 2015,FALSE,"Have just returned on British Airways from St Lucia and enjoyed the flight in Club World on the return journey. Cabin crew, especially the purser made the trip very comfortable. Tasty dining and free flowing drinks. A safe and comfortable flight.",Solo Leisure,Business Class,St Lucia to LGW,15-Sep,5,5,5,4,yes,Boeing 777-200ER,5,5,,returned british airways st lucia enjoyed flight club world return journey. cabin crew especially purser made trip comfortable. tasty dining free flowing drinks. safe comfortable flight.,41,"{'neg': 0.0, 'neu': 0.566, 'pos': 0.434, 'compound': 0.9442}",Positive,"Sentiment(polarity=0.31428571428571433, subjectivity=0.6571428571428571)",0.6571428571428571,0.31428571428571433,Positive,joy,0.796127439,Positive,Positive
3025,8,British Airways customer review,G Alexander,23rd April 2015,FALSE,April 15 LHR-Sydney (via Singapore). I flew First as part of a promotion for no additional cost with purchase of business seat on SYD-LHR leg. I really enjoyed the Concorde Room at Terminal 5 lovely meal great service and very elegant space. In terms of the flight the FA were very friendly and helpful on all legs. They went out of their way to make you feel special and a guest. Food was very good as was wine offering. Seat was comfortable and roomy although there is a lot less storage then in CX Business Seat. In fact while there is a lot of room much of it really is not that useful. At night FA did disappear for much of the time and didn't really come around (except once) to offer water/juice. Whereas on SQ economy FA would check on you regularly throughout flight. While of course it is very special to fly First next time I would be just as happy to fly CX Business which I think is really great value for money and the seats are just as or maybe even more comfortable. If I had paid full fare for this flight I think I would have been questioning the value for money.,,First Class,,,5,2,,4,yes,,5,3,,april 15 lhr sydney via singapore . flew first part promotion additional cost purchase business seat syd lhr leg. really enjoyed concorde room terminal 5 lovely meal great service elegant space. terms flight fa friendly helpful legs. went way make feel special guest. food good wine offering. seat comfortable roomy although lot less storage cx business seat. fact lot room much really useful. night fa disappear much time really come around except offer water juice. whereas sq economy fa would check regularly throughout flight. course special fly first next time would happy fly cx business think really great value money seats maybe even comfortable. paid full fare flight think would questioning value money.,212,"{'neg': 0.022, 'neu': 0.628, 'pos': 0.35, 'compound': 0.9938}",Positive,"Sentiment(polarity=0.4118530020703933, subjectivity=0.5370918936136327)",0.5370918936136327,0.4118530020703933,Positive,joy,0.9975422620773315,Positive,Positive
169,10,""" A very pleasant experience""",Kai Kohlberger,22nd April 2023,TRUE,"Second time BA Premium Economy in a newer aircraft and yet another excellent experience. Despite a three hour delay and missing my connection in Hong Kong, this was a very pleasant flight. Seats are spacious and comfortable in Premium Economy in this layout, attitude of the cabin crew was excellent and food was good. They communicate well and rebooked my connection during the flight which brought peace of mind. A very pleasant experience in BA Premium Economy after a major disappointment in Club World earlier this year.",Solo Leisure,Premium Economy,London to Hong Kong,23-Apr,4,5,4,4,yes,A350,4,3,,second time ba premium economy newer aircraft yet another excellent experience. despite three hour delay missing connection hong kong pleasant flight. seats spacious comfortable premium economy layout attitude cabin crew excellent food good. communicate well rebooked connection flight brought peace mind. pleasant experience ba premium economy major disappointment club world earlier year.,87,"{'neg': 0.074, 'neu': 0.552, 'pos': 0.374, 'compound': 0.9693}",Positive,"Sentiment(polarity=0.34810606060606064, subjectivity=0.6166666666666667)",0.6166666666666667,0.34810606060606064,Positive,joy,0.9984211921691895,Positive,Positive
466,7,"""seats are a huge improvement""",David Ellis,2nd January 2022,TRUE,"After two years of being unable to fly to our second home in South Africa because of COVID, it was fantastic to be back on board a BA flight to CPT, and in the Club Suite seats (1K and 2K) to boot. These seats are a huge improvement on the old yin-yang CW seats in terms of privacy, ease of access and the IFE screen, but the cabin still felt densely occupied and the seats were just as uncomfortable when lying flat. Storage was a mixed blessing, too, with three rather fussy little compartments rather than the decent sized drawer in the old CW, meaning that a laptop would have to be stored above. The food onboard was woeful, although serving all three courses at the same time does at least mean that the dinner service isn't dragged out. Cabin crew went about their business dutifully but with little enthusiasm, and there were the usual queues for the toilets. The flight itself was uneventful and landing was more or less on time. CPT had an efficient arrangement for checking forms immediately after leaving the airbridge and there were no queues at immigration. It was good to be back!",Couple Leisure,Business Class,London to Cape Town,21-Dec,3,3,4,3,yes,Boeing 777,2,5,1,two years unable fly second home south africa covid fantastic back board ba flight cpt club suite seats 1k 2k boot. seats huge improvement old yin yang cw seats terms privacy ease access ife screen cabin still felt densely occupied seats uncomfortable lying flat. storage mixed blessing three rather fussy little compartments rather decent sized drawer old cw meaning laptop would stored above. food onboard woeful although serving three courses time least mean dinner service dragged out. cabin crew went business dutifully little enthusiasm usual queues toilets. flight uneventful landing less time. cpt efficient arrangement checking forms immediately leaving airbridge queues immigration. good back,200,"{'neg': 0.081, 'neu': 0.738, 'pos': 0.182, 'compound': 0.9108}",Positive,"Sentiment(polarity=0.011309523809523811, subjectivity=0.416468253968254)",0.416468254,0.011309523809523811,Positive,anger,0.8950628638267517,Negative,Negative
1521,2,"""become a low cost airline""",H Burton,2nd August 2017,FALSE,"Catania to Gatwick. About 30min after the plane took off the food trolley was wheeled up to the club class curtain and staff man had the task of selling all the leftovers from the outbound flight. It took 2 hours for the trolley to reach row 24 (our row) there was no food left not even a Kit-Kat we had the last can of Coca Cola and a bottle of water. Several factors contributed to this silly situation : BA Trying to become a low cost airline (I did not realise that it had sunk so low when I booked). The fact that only some card transaction could be used to pay.  The blocking of the aisle for long periods resulted in the trolley spending more time being pushed up and down the aisle to let passengers get to the loo and back than it did selling. BA Trying to keep the front toilet for business class passengers. Totally inadequate  supply of food on board the aircraft, this meant the sales person had to go through what was left with every sale in the hope of finding something that the passenger would accept. ",Couple Leisure,Economy Class,Catania to Gatwick,17-Jun,2,1,1,1,no,,1,,,catania gatwick. 30min plane took food trolley wheeled club class curtain staff man task selling leftovers outbound flight. took 2 hours trolley reach row 24 row food left even kit kat last coca cola bottle water. several factors contributed silly situation ba trying become low cost airline realise sunk low booked . fact card transaction could used pay. blocking aisle long periods resulted trolley spending time pushed aisle let passengers get loo back selling. ba trying keep front toilet business class passengers. totally inadequate supply food board aircraft meant sales person go left every sale hope finding something passenger would accept.,194,"{'neg': 0.103, 'neu': 0.826, 'pos': 0.071, 'compound': -0.5413}",Negative,"Sentiment(polarity=-0.05303030303030303, subjectivity=0.24469696969696972)",0.24469696969696972,-0.053030303,Negative,sadness,0.9930182695388794,Negative,Negative
1528,1,"""have never been treated as badly""",Steve Shaw,28th July 2017,FALSE,"The flight from Budapest to London was delayed by 22 hours, during which time British Airways offered nothing (no help with hotel reservations, despite limited hotel availability due to the World Swimming Championships, no food, no transport to and from the airport). In fact, BA doesn't even have a representative in Budapest, having outsourced it to a Hungarian agent (who did their best in the absence of any input from BA). Even the customer service desk I phoned was answered from India (also outsourced). When the flight finally took off, we could not even buy food on the plane. We were told that a BA representative would meet us at our Heathrow arrival gate to give us food vouchers, but he / she wisely didn't show up, because I, for one, was looking for a voucher for 24 hours of my life which I won't get back rather than some airport food vouchers. I have flown several times a month for the last 40 years with many airlines, and have never been treated as badly. I will be flying ABBA (anything but BA) from now on.",Business,Economy Class,Budapest to London,17-Jul,1,1,1,1,no,,1,1,1,flight budapest london delayed 22 hours time british airways offered nothing help hotel reservations despite limited hotel availability due world swimming championships food transport airport . fact ba even representative budapest outsourced hungarian agent best absence input ba . even customer service desk phoned answered india also outsourced . flight finally took could even buy food plane. told ba representative would meet us heathrow arrival gate give us food vouchers wisely show one looking voucher 24 hours life get back rather airport food vouchers. flown several times month last 40 years many airlines never treated badly. flying abba anything ba on.,191,"{'neg': 0.038, 'neu': 0.83, 'pos': 0.132, 'compound': 0.8824}",Positive,"Sentiment(polarity=0.10758928571428572, subjectivity=0.329265873015873)",0.329265873,0.10758928571428572,Positive,anger,0.6969329118728638,Negative,Negative
3116,2,British Airways customer review,Ian Sinclair,24th February 2015,FALSE,LGW-AMS on Friday 13th. Flight delayed by almost an hour despite being informed in the lounge that everything was on time reason provided by Captain was late inbound aircraft. (this was my third late running BA flight in as many weeks). No apologies other than the rather matter of fact explanation from the flight deck surly cabin crew who clearly wanted to be somewhere else other than looking after their guests on board. I have two more flights in the coming month with BA rather regretting having booked with this carrier now.,,Economy Class,,,1,1,,3,no,,2,1,,lgw ams friday 13th. flight delayed almost hour despite informed lounge everything time reason provided captain late inbound aircraft. third late running ba flight many weeks . apologies rather matter fact explanation flight deck surly cabin crew clearly wanted somewhere else looking guests board. two flights coming month ba rather regretting booked carrier now.,94,"{'neg': 0.08, 'neu': 0.854, 'pos': 0.066, 'compound': -0.2023}",Neutral,"Sentiment(polarity=2.3129646346357427e-18, subjectivity=0.34722222222222215)",0.34722222222222215,2.3129646346357427e-18,Positive,anger,0.6929380893707275,Negative,Negative
1174,1,"""an additional €476 for seat selection""",G Leane,19th June 2018,TRUE,"Earlier this year, my wife and I travelled business class with BA from Dublin to Jo'burg, returning from Cape Town, thru London in each direction. Having paid business class fares, we were then quite taken aback to have to pay an additional €476 for seat selection on the long haul sectors. Had we not selected seats, we could have found ourselves not just separated, but possibly with one of us on the upper deck and one on the lower deck of the A380 on the way out and the 747 on the return flight. We therefore had no choice. What sort of customer retention policy is this? No other airline with whom we have travelled business class has then charged for seat selection, but BA just don't seem to care. It is a rip-off. The forward/rear facing business class seat plan on BA planes is really unattractive, complicated further by having to climb over a sleeping passenger to reach the aisle from a window seat. BA should take a look at the Emirates A380 if they want to see a customer friendly layout. This was our first business class experience with BA. Having flown with middle eastern airlines particularly, we have discovered how much behind the play BA actually are.",Couple Leisure,Business Class,London to Johannesburg,18-Feb,2,3,3,1,no,A380 and 747,3,,,earlier year wife travelled business class ba dublin jo burg returning cape town thru london direction. paid business class fares quite taken aback pay additional 476 seat selection long haul sectors. selected seats could found separated possibly one us upper deck one lower deck a380 way 747 return flight. therefore choice. sort customer retention policy airline travelled business class charged seat selection ba seem care. rip off. forward rear facing business class seat plan ba planes really unattractive complicated climb sleeping passenger reach aisle window seat. ba take look emirates a380 want see customer friendly layout. first business class experience ba. flown middle eastern airlines particularly discovered much behind play ba actually are.,214,"{'neg': 0.071, 'neu': 0.838, 'pos': 0.09, 'compound': 0.3277}",Neutral,"Sentiment(polarity=0.003472222222222219, subjectivity=0.4222222222222222)",0.4222222222222222,0.003472222,Positive,sadness,0.7305799126625061,Negative,Negative
3678,5,British Airways customer review,Alan Clare,7th May 2014,FALSE,6 May 2014: Las Vegas to Gatwick. Boeing 777. Back on BA again thanks to Avios Companion coupon. Cabin crew are now more present throughout the journey but not experienced any of them going too far to please a customer it seems just okay if they run out of a meal choice or if friends not seated together. Certainly yesterday cleaning the wc was not on the duty list. I've flown AF TAP SWISS KLM long haul in the past year and by far BA catering in economy is the poorest in content. Yesterdays offering for Breakfast was almost an insult.,,Economy Class,,,4,3,,5,no,,3,4,,6 may 2014 las vegas gatwick. boeing 777. back ba thanks avios companion coupon. cabin crew present throughout journey experienced going far please customer seems okay run meal choice friends seated together. certainly yesterday cleaning wc duty list. flown af tap swiss klm long haul past year far ba catering economy poorest content. yesterdays offering breakfast almost insult.,102,"{'neg': 0.094, 'neu': 0.724, 'pos': 0.182, 'compound': 0.624}",Positive,"Sentiment(polarity=0.16142857142857142, subjectivity=0.4821428571428571)",0.4821428571428571,0.16142857142857142,Positive,joy,0.975205123,Positive,Negative
2687,1,"""never fly British Airways again""",Janet Kay Cox,30th September 2015,FALSE,"Have flown previously in British Airways Business Class. Flew in World Traveler economy class on this trip, with adult children on their first flight to England. Loading was chaotic. Seated middle four seat section, row 49. No air conditioning in cabin. Several of us complained about heat and lack of air flow. Did not get answer from stewardess until an hour into the flight. Took 3 hours before air conditioning kicked in. No room under the seat to store handbag. Seats appear to be smaller. When person in row in front of me reclined, I had minimal room to move or to access my purse. Little attention from cabin attendants. Told them I was getting dizzy from lack of cool air, and they allowed me to move to seat in galley where air was cooler from Business Class seats. Food served was terrible. No advance menu to choose from. No individual lighting or air. I thought it was my worst experience until immigration 2.5 hour wait in line to clear immigration / customs. Our prepaid taxi waited 90 minutes and then left. Horrible experience. The return flight was worse. Delayed 1.5 hours on the ground due to no air conditioning in Coach seating again, though First and Business had it. They brought us water in the last 30 minutes. Will never fly British Airways again.",Family Leisure,Economy Class,Phoenix to Heathrow,15-Sep,1,2,2,1,no,Boeing 747-400,1,1,2,flown previously british airways business class. flew world traveler economy class trip adult children first flight england. loading chaotic. seated middle four seat section row 49. air conditioning cabin. several us complained heat lack air flow. get answer stewardess hour flight. took 3 hours air conditioning kicked in. room seat store handbag. seats appear smaller. person row front reclined minimal room move access purse. little attention cabin attendants. told getting dizzy lack cool air allowed move seat galley air cooler business class seats. food served terrible. advance menu choose from. individual lighting air. thought worst experience immigration 2.5 hour wait line clear immigration customs. prepaid taxi waited 90 minutes left. horrible experience. return flight worse. delayed 1.5 hours ground due air conditioning coach seating though first business it. brought us water last 30 minutes. never fly british airways again.,224,"{'neg': 0.177, 'neu': 0.792, 'pos': 0.031, 'compound': -0.969}",Negative,"Sentiment(polarity=-0.15738636363636363, subjectivity=0.4155303030303031)",0.4155303030303031,-0.157386364,Negative,sadness,0.5479186773300171,Negative,Negative
1481,8,"""wonderful member of crew""",H Cole,6th September 2017,FALSE,"London to Vancouver. I booked our trip with them as the price was unbeatable. Our outward flight to Vancouver was delayed by approx an hour. We were seated on the top deck and I was impressed by the room we had (window/Aisle and 3 middle seats). The crew were great with our young sons offering them extra drinks, pillows etc. Food was OK (the kids Mac cheese was better than the adult meals). Entertainment was good and flight was smooth most of the way. On our return flight we again had a delay of about an hour but 45 mins of that was made up thanks to a strong tail wind. Again we were on the top deck and it was so quiet up there it was lovely. Food was again just ok. We had an incident where my son spilt a bottle of Fanta all over himself midflight when everyone was asleep. He was drenched and I had no spare clothes for him. I spoke to a wonderful member of crew who couldn't be more helpful. She found some first class PJs for him to change into and gave him a couple of extra goodies and she checked up on us a few times after that commenting how good he had been throughout the flight. She really made what could have been a stressful situation much easier and her positive friendly attitude really helped me out. I was pleasently surprised by BA on both legs of our journey and I wouldn't hesitate to book with them again, just a shame they can't up their game food wise.",Family Leisure,Economy Class,London to Vancouver,17-Aug,3,5,4,3,yes,A380,3,4,,london vancouver. booked trip price unbeatable. outward flight vancouver delayed approx hour. seated top deck impressed room window aisle 3 middle seats . crew great young sons offering extra drinks pillows etc. food ok kids mac cheese better adult meals . entertainment good flight smooth way. return flight delay hour 45 mins made thanks strong tail wind. top deck quiet lovely. food ok. incident son spilt bottle fanta midflight everyone asleep. drenched spare clothes him. spoke wonderful member crew could helpful. found first class pjs change gave couple extra goodies checked us times commenting good throughout flight. really made could stressful situation much easier positive friendly attitude really helped out. pleasently surprised ba legs journey would hesitate book shame cannot game food wise.,273,"{'neg': 0.094, 'neu': 0.575, 'pos': 0.331, 'compound': 0.9892}",Positive,"Sentiment(polarity=0.35467607105538124, subjectivity=0.4843260188087774)",0.4843260188087774,0.35467607105538124,Positive,surprise,0.9640737175941467,Neutral,Positive
611,10,"""the crew were outstanding""",Christopher Neep,28th February 2020,TRUE,"Vancouver to London. There are time when British Airways deserve to be ranked as one of the very best carriers. This flight proves the point. From the warm welcome at the door on boarding until deplaning at LHR, the crew were outstanding. Friendly, attentive and professional. The dinner was excellent. Excellent choices on the menu, accompanied by some decent wines. I had a painful back from running. A flight attendant provided some medication, came back to my seat an hour or so later to check on me and remembered to ask me if the pain had subsided when I deplaned. Very thoughtful. Seat was comfortable and complemented by a proper cushion and a very nice quilted blanket. IFE good. The B747-400 is showing its age but it’s still a wonderful, iconic aircraft to fly on and I’ll continue to prefer it over the B777. ",Solo Leisure,Premium Economy,Vancouver to London,20-Feb,4,5,4,5,yes,Boeing 747-400,5,5,,vancouver london. time british airways deserve ranked one best carriers. flight proves point. warm welcome door boarding deplaning lhr crew outstanding. friendly attentive professional. dinner excellent. excellent choices menu accompanied decent wines. painful back running. flight attendant provided medication came back seat hour later check remembered ask pain subsided deplaned. thoughtful. seat comfortable complemented proper cushion nice quilted blanket. ife good. b747 400 showing age still wonderful iconic aircraft fly continue prefer b777.,147,"{'neg': 0.06, 'neu': 0.566, 'pos': 0.374, 'compound': 0.9859}",Positive,"Sentiment(polarity=0.4056666666666668, subjectivity=0.5416666666666667)",0.5416666666666667,0.4056666666666668,Positive,joy,0.9949770569801331,Positive,Positive
1420,3,"""now becoming as bad as Ryanair""",V Mitov,26th October 2017,FALSE,"London to Sofia. Cabin crew were kind. This is the only positive thing. British Airways are now becoming as bad as Ryanair! Onboard passengers have to pay ridiculous amount of money even for a small bottle of water. When I booked my flight from Heathrow to Sofia, I was told I get a free checked in bag for my baby girl. A day before my flight I decided to double check this and called their customer service line and the guy on the phone told me I need to pay for checked in bag if I want one. I told him that there should be one included for my baby daughter but he said this is not true. I asked him to double check this and he said he already did so I had to pay for a checked bag (£30 each way) since I already had my suitcase packed. Next day, as I went to the check in at Heathrow, I was asked how many bags do I want to check in. I asked how many bags am I allowed to check in and the lady said I can check in two bags- one for my baby and the one that I’ve paid for the previous day. The thing is that I only had one suitcase since the guy on the phone told me I can only check one bag (if I pay for it first). After I arrived in Sofia, I rang British airways and explained everything, so they agreed they should refund the money they’ve charged me for the additional bag. They said they’ll refund the £30 for the London-Sofia flight the same day and the other £30 fee for the Sofia-London route in about a week time. A month later I checked my online banking and saw they’ve only refunded £30 for the outbound journey. I rang them and they’ve said they are sorry and they’ll refund the remaining £30 within the next 3 days. When I pointed that it should be fair and reasonable that I get a 20% discount voucher from my next flight price, they said this is something British Airways do not offer. ",Family Leisure,Economy Class,London to Sofia,17-Sep,3,4,3,3,no,,1,,,london sofia. cabin crew kind. positive thing. british airways becoming bad ryanair onboard passengers pay ridiculous amount money even small bottle water. booked flight heathrow sofia told get free checked bag baby girl. day flight decided double check called customer service line guy phone told need pay checked bag want one. told one included baby daughter said true. asked double check said already pay checked bag 30 way since already suitcase packed. next day went check heathrow asked many bags want check in. asked many bags allowed check lady said check two bags one baby one paid previous day. thing one suitcase since guy phone told check one bag pay first . arrived sofia rang british airways explained everything agreed refund money charged additional bag. said refund 30 london sofia flight day 30 fee sofia london route week time. month later checked online banking saw refunded 30 outbound journey. rang said sorry refund remaining 30 within next 3 days. pointed fair reasonable get 20 discount voucher next flight price said something british airways offer.,370,"{'neg': 0.077, 'neu': 0.818, 'pos': 0.105, 'compound': 0.8126}",Positive,"Sentiment(polarity=0.09280303030303032, subjectivity=0.40883838383838383)",0.40883838383838383,0.09280303,Positive,anger,0.6879242658615112,Negative,Negative
478,1,"""BA did nothing to ease the process""",Mangesh Kulkarni,8th December 2021,TRUE,"British Airways is taking reservations and then cancelling flights without giving any reasons. We had further plans that all needed to be cancelled because of the flights. BA did nothing to ease the process and offered absolutely no explanation of why the flight was cancelled, I am not going to travel on BA again and may not travel again this year at all.",Family Leisure,Business Class,London to Delhi,21-Jan,1,1,1,1,no,,1,1,1,british airways taking reservations cancelling flights without giving reasons. plans needed cancelled flights. ba nothing ease process offered absolutely explanation flight cancelled going travel ba may travel year all.,63,"{'neg': 0.293, 'neu': 0.707, 'pos': 0.0, 'compound': -0.7873}",Negative,"Sentiment(polarity=0.1, subjectivity=0.45)",0.45,0.1,Positive,sadness,0.9391183257102966,Negative,Negative
2889,6,British Airways customer review,I Rodriguez,2nd July 2015,FALSE,"My experience chimes with the general consensus on the Club World service LHR-JFK. Cabin, seats and fittings are showing their age and look rather shabby by this point. Not too clean, red wine spills on my foot rest when I boarded. Tiny screen and IFE looked dated, not great entertainment selection. The food quality was good but service from cabin crew was rather indifferent with little attempt to make it a special dining experience. Nuts and chocolates served in packets, not bowls. Not attentive over providing drinks refills or water. I wasnt offered all of the items listed on the menu - where did my fruit and cheese platter go? Had to ask for coffee/tea refills after the meal. Brewed coffee only - no fresh lattes/cappuccinos. Was not offered disgestifs after the meal. Cabin crew disappeared after the meal. Self service snacks in the galley were economy quality (apart from some nice rose champagne). Just not a luxury or experience! Felt like I was in economy but with more space and food.",Solo Leisure,Business Class,LHR to JFK  ,15-Jul,3,3,4,4,no,,4,2,,experience chimes general consensus club world service lhr jfk. cabin seats fittings showing age look rather shabby point. clean red wine spills foot rest boarded. tiny screen ife looked dated great entertainment selection. food quality good service cabin crew rather indifferent little attempt make special dining experience. nuts chocolates served packets bowls. attentive providing drinks refills water. offered items listed menu fruit cheese platter go ask coffee tea refills meal. brewed coffee fresh lattes cappuccinos. offered disgestifs meal. cabin crew disappeared meal. self service snacks galley economy quality apart nice rose champagne . luxury experience felt like economy space food.,175,"{'neg': 0.051, 'neu': 0.739, 'pos': 0.21, 'compound': 0.9567}",Positive,"Sentiment(polarity=0.3321924603174603, subjectivity=0.6226190476190477)",0.6226190476190477,0.3321924603174603,Positive,sadness,0.8035138845443726,Negative,Negative
919,10,"""a fantastic flight""",Alan Mountford,12th April 2019,TRUE,"London to Tokyo Narita. Had a fantastic flight in the new BA First cabin on the Boeing 787. On both journeys the crew were outstanding as was the food and the service. The food was of high end restaurant standard, the seat comfortable.",Couple Leisure,First Class,London to Tokyo Narita,18-Nov,5,5,5,5,yes,Boeing 787-9,5,5,,london tokyo narita. fantastic flight new ba first cabin boeing 787. journeys crew outstanding food service. food high end restaurant standard seat comfortable.,43,"{'neg': 0.0, 'neu': 0.647, 'pos': 0.353, 'compound': 0.8979}",Positive,"Sentiment(polarity=0.26376623376623376, subjectivity=0.5575541125541125)",0.5575541125541125,0.26376623376623376,Positive,joy,0.9962981343269348,Positive,Positive
3227,7,British Airways customer review,John Frewen-Lord,31st December 2014,FALSE,A380 to Hong Kong WT+. Wonderful plane slept for a number of hours (which for me is all but unheard of). Food much better than I was expecting considering that WT+ is supposed to get the same food as WT. Plane left on time and arrived early. Crew friendly - I had little call to ask them for much but any request was quickly attended to. Return from Bangkok incoming flight (and hence departure from BKK) delayed to ATC in UK BA provided voucher which was more than enough for a good sized breakfast. 777 nowhere near as nice as the A380 noisy seats less comfortable and I got barely any sleep on this 13h flight. FAs not as attentive as going out but no real complaints. Poor choice of entertainment on very small screen. Overall quite good and fair value for money in WT+.,,Premium Economy,,,3,3,,4,yes,,4,2,,a380 hong kong wt . wonderful plane slept number hours unheard . food much better expecting considering wt supposed get food wt. plane left time arrived early. crew friendly little call ask much request quickly attended to. return bangkok incoming flight hence departure bkk delayed atc uk ba provided voucher enough good sized breakfast. 777 nowhere near nice a380 noisy seats less comfortable got barely sleep 13h flight. fas attentive going real complaints. poor choice entertainment small screen. overall quite good fair value money wt .,147,"{'neg': 0.109, 'neu': 0.631, 'pos': 0.26, 'compound': 0.9452}",Positive,"Sentiment(polarity=0.24337121212121213, subjectivity=0.4848484848484848)",0.4848484848484848,0.24337121212121213,Positive,joy,0.9956515431404114,Positive,Positive
446,10,"""T5 arrivals lounge was excellent""",E Smyth,19th February 2022,TRUE,Check in at IAD was quick and easy. Lounge in Washington was a BA lounge and very good. Sound pre flight food offerings for this overnight flight. Flight on time and boarded promptly. As we had eaten we opted to sleep. There was full dinner and breakfast service for those that wanted it. We slept well. On time arrival and quickly made it to T5 arrivals lounge which was excellent.,Family Leisure,Business Class,Washington to London,22-Feb,4,5,5,4,yes,Boeing 787-9,4,4,4,check iad quick easy. lounge washington ba lounge good. sound pre flight food offerings overnight flight. flight time boarded promptly. eaten opted sleep. full dinner breakfast service wanted it. slept well. time arrival quickly made t5 arrivals lounge excellent.,70,"{'neg': 0.0, 'neu': 0.751, 'pos': 0.249, 'compound': 0.891}",Positive,"Sentiment(polarity=0.5071428571428572, subjectivity=0.6261904761904763)",0.6261904761904763,0.5071428571428572,Positive,joy,0.9974156618118286,Positive,Positive
1656,6,"""not improving where they should""",Ivan Oscar Sterza,13th May 2017,FALSE,"London to Santiago de Chile. Surprisingly pleasing flight onboard Boeing 787, decided to give it a try to a rear facing business class window seat and discovered the B787 is - or looks - far lighter and wider than any B777 I've been travelling on (could be larger windows or the fuselage shape which makes the ""cocoon"" look less cramped). Even the seat looks wider, while the IFE screen is wider with a higher resolution. The odd ""ying-yang"" layout is slightly better on Boeing 787 as the central rows do not have the honeymoon seats, therefore you won't share such a narrow space with a stranger in case you end up there. So first impression better than usual; unfortunately the soft product remains way below par (I pre-ordered the main dish of the meal which this time was actually available, but the beef was overcooked and chewy), I will never stop mentioning that the amenity kit is simply ridiculous - sort of a blue shoe bag, too small to fit shoes though. The crew very friendly but slightly less attentive than usual. Overall the experience was better than usual - mainly thanks to a newer, quieter aircraft - but BA is not improving where they should, in those details that make business class something worth EUR3,000 spent. Still no wi-fi on BA. Not commenting the ying-yang layout, which remains a mystery to me (who approved such a nonsense?).",Business,Business Class,London to Santiago de Chile,17-May,3,4,3,3,no,Boeing 787,2,4,,london santiago de chile. surprisingly pleasing flight onboard boeing 787 decided give try rear facing business class window seat discovered b787 looks far lighter wider b777 travelling could larger windows fuselage shape makes cocoon look less cramped . even seat looks wider ife screen wider higher resolution. odd ying yang layout slightly better boeing 787 central rows honeymoon seats therefore share narrow space stranger case end there. first impression better usual unfortunately soft product remains way par pre ordered main dish meal time actually available beef overcooked chewy never stop mentioning amenity kit simply ridiculous sort blue shoe bag small fit shoes though. crew friendly slightly less attentive usual. overall experience better usual mainly thanks newer quieter aircraft ba improving details make business class something worth eur3 000 spent. still wi fi ba. commenting ying yang layout remains mystery approved nonsense .,242,"{'neg': 0.059, 'neu': 0.729, 'pos': 0.212, 'compound': 0.9706}",Positive,"Sentiment(polarity=0.10373563218390806, subjectivity=0.3758620689655172)",0.3758620689655172,0.10373563218390806,Positive,joy,0.9682533144950867,Positive,Positive
983,7,"""it's showing its age""",David Ellis,30th January 2019,TRUE,"The 2-3-2 seating in the front section of Club World on the upper deck feels marginally less cramped than 2-4-2, but it's showing its age in contrast to other carriers. A full cabin also means queues for the two loos, although they're a lot more spacious than in First. The drinks and dinner service took a good couple of hours, but the revamped Club World food is definitely an improvement. The fish option for the main course was some of the best food I've had in the air. The White Company bedding does little to cushion the rather hard seats. Cabin crew were generally good and the CSM was particularly visible during the flight. Breakfast was improved with the option to pre-select items. Arrival was ahead of schedule.",Couple Leisure,Business Class,London to Johannesburg ,19-Jan,3,4,3,3,yes,A380,4,3,,2 3 2 seating front section club world upper deck feels marginally less cramped 2 4 2 showing age contrast carriers. full cabin also means queues two loos although lot spacious first. drinks dinner service took good couple hours revamped club world food definitely improvement. fish option main course best food air. white company bedding little cushion rather hard seats. cabin crew generally good csm particularly visible flight. breakfast improved option pre select items. arrival ahead schedule.,136,"{'neg': 0.014, 'neu': 0.762, 'pos': 0.224, 'compound': 0.9563}",Positive,"Sentiment(polarity=0.2067307692307692, subjectivity=0.3583333333333333)",0.3583333333333333,0.2067307692307692,Positive,sadness,0.8110020160675049,Negative,Positive
1730,1,"""not a good first trip on British Airways""",Tassos Kyriakides,14th April 2017,FALSE,"The flight from New York JFK to London Heathrow was extremely uncomfortable, although the entertainment was quite good on the TVs, the food was horrible, plasticy tasting, and above all not tasty. The flight from Heathrow back to JFK had many delays, although this was out of anyone's control, it was very inconvenient and there was a terribly long wait to board the new plane (5 hours). At first we were told that we would be brought to a new plane as soon as possible, but almost an hour later here were many other delays and disappointments that we were notified about. The other passangers and myself should not have to wait for hours to get on a new plane. I wish the discomfort of the plane, bad food, and time of delays were reduced dramatically. So far, not a good first trip on British Airways.
",Family Leisure,Economy Class,London Heathrow to New York JFK,17-Apr,1,2,1,1,no,,1,3,1,flight new york jfk london heathrow extremely uncomfortable although entertainment quite good tvs food horrible plasticy tasting tasty. flight heathrow back jfk many delays although anyone control inconvenient terribly long wait board new plane 5 hours . first told would brought new plane soon possible almost hour later many delays disappointments notified about. passangers wait hours get new plane. wish discomfort plane bad food time delays reduced dramatically. far good first trip british airways.,148,"{'neg': 0.229, 'neu': 0.643, 'pos': 0.128, 'compound': -0.8606}",Negative,"Sentiment(polarity=0.034772727272727275, subjectivity=0.5375757575757575)",0.5375757575757575,0.034772727272727275,Positive,fear,0.5237385034561157,Negative,Negative
1713,7,"""attendants were very attentive""",Antony Vaughn,19th April 2017,FALSE,"New York JFK to London Heathrow return. My review is based on three different criteria: Service, food, and seat comfort. Overall the service was very good. The flight attendants were very attentive throughout the flight, and very professional. Any request was handled in a timely manner. The flight was full, but service did not suffer. The food on the flight was absolutely disgusting and inedible. A choice of thai vegatable curry, or a chicken dish which I ate one bite of. The highlight of the meal was the two bite chocolate granache. Also, they have eliminated the second meal/snack service - all they served was tea/coffee and a cookie. Very poor indeed. Seat comfort was the best I've experienced in economy. I managed 4 hours of sleep on a 7 hour crossing. The slideable headrests allow your head not to bob. If not for the disgusting food i would give a 9/10.",Family Leisure,Economy Class,London to New York JFK,17-Apr,5,4,4,4,yes,Boeing 747-400,1,4,,new york jfk london heathrow return. review based three different criteria service food seat comfort. overall service good. flight attendants attentive throughout flight professional. request handled timely manner. flight full service suffer. food flight absolutely disgusting inedible. choice thai vegatable curry chicken dish ate one bite of. highlight meal two bite chocolate granache. also eliminated second meal snack service served tea coffee cookie. poor indeed. seat comfort best experienced economy. managed 4 hours sleep 7 hour crossing. slideable headrests allow head bob. disgusting food would give 9 10.,155,"{'neg': 0.133, 'neu': 0.712, 'pos': 0.156, 'compound': 0.1063}",Neutral,"Sentiment(polarity=0.03474025974025975, subjectivity=0.5681818181818182)",0.5681818181818182,0.03474026,Positive,anger,0.8005779385566711,Negative,Neutral
838,9,"""Staff on both flights fine""",E Smyth,5th July 2019,TRUE,Return flight to Dublin. Outbound Galleries North fine and good breakfast. Flight was fine. Return flight was delayed by 40 mins gate staff kept us informed. Lounge at Dublin was generic lounge but was ok. Staff on both flights fine. Return aircraft quite new and well presented.,Business,Economy Class,Dublin to London,19-Jul,4,4,4,4,yes,A320 neo,,,,return flight dublin. outbound galleries north fine good breakfast. flight fine. return flight delayed 40 mins gate staff kept us informed. lounge dublin generic lounge ok. staff flights fine. return aircraft quite new well presented.,47,"{'neg': 0.044, 'neu': 0.655, 'pos': 0.301, 'compound': 0.8393}",Positive,"Sentiment(polarity=0.3694805194805194, subjectivity=0.4363636363636364)",0.4363636363636364,0.3694805194805194,Positive,joy,0.9003466367721558,Positive,Positive
1236,4,"""cheaper than competitors""",L Harper,15th April 2018,TRUE,"Gatwick to Barbados in December 2017. On a 9 hour flight they provided one meal, and afternoon tea which consisted of a mars bar and a cup of tea. The plane was aging and yellowing round the edges and the staff were surly. The only redeeming thing was that it was cheaper than competitors (but still not cheap).",Couple Leisure,Economy Class,Gatwick to Barbados,17-Dec,2,2,3,2,no,,1,2,,gatwick barbados december 2017. 9 hour flight provided one meal afternoon tea consisted mars bar cup tea. plane aging yellowing round edges staff surly. redeeming thing cheaper competitors still cheap .,59,"{'neg': 0.0, 'neu': 1.0, 'pos': 0.0, 'compound': 0.0}",Neutral,"Sentiment(polarity=0.2333333333333333, subjectivity=0.5333333333333333)",0.5333333333333333,0.2333333333333333,Positive,joy,0.6740899682044983,Positive,Negative
3430,10,British Airways customer review,David Iles,17th September 2014,FALSE,LGW-MCO-SEA-LHR. Seats booked during Club World sale window - so reasonable priced. Check in at Gatwick very easy and through the fast track in about 5 mins. Boarded on time with short wait before take off. Staff on the outbound leg superb attentive without being intrusive food as ever palatable and overall great trip. Inbound Seattle - Heathrow. Lounge at Seattle is simply too small with insufficient seating however once on plane staff were again excellent although they appeared little rushed when compared with the outbound leg that may simply be because the CW cabin was more full. That said the high standards were maintained so a credit to the team in the CW cabin. Overall another good experience when travelling with BA.,,Business Class,,,5,5,,5,yes,,4,5,,lgw mco sea lhr. seats booked club world sale window reasonable priced. check gatwick easy fast track 5 mins. boarded time short wait take off. staff outbound leg superb attentive without intrusive food ever palatable overall great trip. inbound seattle heathrow. lounge seattle simply small insufficient seating however plane staff excellent although appeared little rushed compared outbound leg may simply cw cabin full. said high standards maintained credit team cw cabin. overall another good experience travelling ba.,124,"{'neg': 0.0, 'neu': 0.751, 'pos': 0.249, 'compound': 0.9716}",Positive,"Sentiment(polarity=0.3003645833333333, subjectivity=0.5581547619047619)",0.5581547619047619,0.3003645833333333,Positive,joy,0.9977881908416748,Positive,Positive
833,3,"""nothing left of business class""",H Galloway,10th July 2019,TRUE,"Madrid to London with British Airways. There is nothing left of business class on these flights. When they bring the hot towel it feels like a bad joke. Seats are the same as coach, they took forever to hang my jacket after I asked in three occasions, they gave me a sit that is considered a bad coach seat without window! (See picture) and on top of everything I find myself having to put my luggage (just a backpack) far behind my seat because they are choosing to bring the extra hand luggage that doesn’t fit anymore in coach to business class. Ridiculous service so not worth the x2.5 cost that a business class ticket goes for. Feel totally ripped off.",Business,Business Class,Madrid to London,19-Jul,3,1,1,1,no,A320,,,,madrid london british airways. nothing left business class flights. bring hot towel feels like bad joke. seats coach took forever hang jacket asked three occasions gave sit considered bad coach seat without window see picture top everything find put luggage backpack far behind seat choosing bring extra hand luggage fit anymore coach business class. ridiculous service worth x2.5 cost business class ticket goes for. feel totally ripped off.,122,"{'neg': 0.115, 'neu': 0.714, 'pos': 0.171, 'compound': 0.3818}",Neutral,"Sentiment(polarity=-0.04487179487179485, subjectivity=0.5179487179487179)",0.5179487179487179,-0.044871795,Negative,anger,0.4757421016693115,Negative,Negative
2499,7,"""food was decent""",Javier Bacallado ,16th December 2015,FALSE,"MAD-SYD VIA LHR with British Airways. Overall good experience. All flights on time. Transfer in LHR T5 very fast and easy. For the long-haul flights: comfortable seats, personal IFE, lots of choices availeable. Food was decent for economy. The only downside: Flight attendants failed to give a good service on all 4 sectors. Not one staff member gave a service with a smile.",Solo Leisure,Economy Class,Madrid to Sydney via LHR,15-Dec,4,1,4,4,yes,Boeing 777-300,3,4,,mad syd via lhr british airways. overall good experience. flights time. transfer lhr t5 fast easy. long haul flights comfortable seats personal ife lots choices availeable. food decent economy. downside flight attendants failed give good service 4 sectors. one staff member gave service smile.,65,"{'neg': 0.147, 'neu': 0.603, 'pos': 0.25, 'compound': 0.7184}",Positive,"Sentiment(polarity=0.1326923076923077, subjectivity=0.4769230769230769)",0.4769230769230769,0.1326923076923077,Positive,sadness,0.9929158687591553,Negative,Positive
2851,7,British Airways customer review,N Sunder,20th July 2015,FALSE,"Both flights on time, aircraft appeared to be well maintained. BA should be commended for retaining 9-abreat seating in the 777, legroom is adequate and adjustable headrest is a nice touch. AVOD was decent, with clear screen, though movie selection was not extensive. Catering was marginal on the outbound flight from Atlanta, with breakfast ""croissant"" being inedible, however, much better on the inbound flight from London. Cabin crew were professional, but utterly aloof, interacting with the passengers without the slightest hint of warmth. Not allowing seat selection until 24 hours prior to the flight (without paying extra) is a negative, in my opinion.",Solo Leisure,Economy Class,ATL to LHR,15-Jul,4,2,3,3,yes,Boeing 777-200,3,4,,flights time aircraft appeared well maintained. ba commended retaining 9 abreat seating 777 legroom adequate adjustable headrest nice touch. avod decent clear screen though movie selection extensive. catering marginal outbound flight atlanta breakfast croissant inedible however much better inbound flight london. cabin crew professional utterly aloof interacting passengers without slightest hint warmth. allowing seat selection 24 hours prior flight without paying extra negative opinion.,104,"{'neg': 0.033, 'neu': 0.727, 'pos': 0.24, 'compound': 0.9289}",Positive,"Sentiment(polarity=0.13636363636363638, subjectivity=0.43787878787878787)",0.43787878787878787,0.13636363636363638,Positive,joy,0.9633800983428955,Positive,Positive
97,2,"""The service is really mediocre""",K Malec,20th July 2023,TRUE,"I don't understand why British Airways is classified as a 4 star airline? The service is really mediocre. The food is untasty and insufficient for a long haul trip. Some members of the cabin crew are friendly but they are not attentive enough and create a very basic experience. This really is all about getting from point A to B without what it used to be an enjoyable trip making experience. The inflight entertainment is fairly good, but you do need to bring your own water not to get dehydrated, some snacks and ideally food and perhaps smile to yourself as otherwise you are faced with just a cold, personality less experience. ",Solo Leisure,Economy Class,Seattle to London Heathrow,23-Jun,2,2,3,3,no,Boeing 787,1,3,,understand british airways classified 4 star airline service really mediocre. food untasty insufficient long haul trip. members cabin crew friendly attentive enough create basic experience. really getting point b without used enjoyable trip making experience. inflight entertainment fairly good need bring water get dehydrated snacks ideally food perhaps smile otherwise faced cold personality less experience.,113,"{'neg': 0.037, 'neu': 0.711, 'pos': 0.252, 'compound': 0.9168}",Positive,"Sentiment(polarity=0.1470238095238095, subjectivity=0.4994047619047618)",0.4994047619047618,0.1470238095238095,Positive,joy,0.9964967370033264,Positive,Negative
148,1,"""cancel your flight without notice""",B Sherry,23rd May 2023,FALSE,"Top Ten REASONS to not use British Airways To all: Be Aware and be on Notice- Travel at your own risk I have travelled for years on many different airlines, and I have to say that British Airways ranks as one of the top two most horrible airlines to fly. Don’t waste your time or money. Customer service is non-existent. Please be on notice that if you purchase a ticket from them and once, they have your money, you can kiss any customer service and or help resolving your issue goodbye. We used them to travel to Europe and it was the worst experience I have had with an airline in years. When you work hard and save your money to travel, you expect a good experience. Welp not with this company. Who I am sure, makes millions on customers per year. I understand that sometimes things happen, but this started right after we booked our flight AND THE BAD EXPERIENCE DID NOT END UNTIL WE SET FOOT BACK TO OUR HOMETOWN. Please take note: #1 - The customer service number is buried on the internet and not listed on their website. I had to google it and still got the run around when someone finally answered. Trust me, the number is a secret. #2 – When you FINALLY find a customer service number, there is a long wait and when or if someone answers, they will not resolve your issues. Instead, they pass the buck to whatever airlines that they sold your ticket to. NO ONE TAKES OWNERSHIP #4- What airlines operates 365 days a year and around the clock but doesn’t have customer service reps to help you, the customer? BRITISH AIRWAYS that’s who. #5 - They will cancel your flight without notice and not notify you, AT ALL. NO EMAIL, NO TEXT. #6- If you are not the primary on your ticket you will get no notifications or even if you are the primary, you may or may not get notifications. #7 - If you pay for seats and you pick them, it doesn’t matter, they will cancel your seats and not refund your money and then play stupid. #8 - The flight may be cheaper, but it is not once you are done paying for seats. #9- They will route to another partner airline and not notify you #10 – If you have a connecting flight, they will cancel one leg and not the other and NOT NOTIFY YOU. I will never use them again. And if this review helps one person that heeds my advice, then my job is done.",Couple Leisure,Premium Economy,Dallas to Madrid via London,23-May,1,1,1,1,no,,1,1,1,top ten reasons use british airways aware notice travel risk travelled years many different airlines say british airways ranks one top two horrible airlines fly. waste time money. customer service non existent. please notice purchase ticket money kiss customer service help resolving issue goodbye. used travel europe worst experience airline years. work hard save money travel expect good experience. welp company. sure makes millions customers per year. understand sometimes things happen started right booked flight bad experience end set foot back hometown. please take note 1 customer service number buried internet listed website. google still got run around someone finally answered. trust number secret. 2 finally find customer service number long wait someone answers resolve issues. instead pass buck whatever airlines sold ticket to. one takes ownership 4 airlines operates 365 days year around clock customer service reps help customer british airways who. 5 cancel flight without notice notify all. email text. 6 primary ticket get notifications even primary may may get notifications. 7 pay seats pick matter cancel seats refund money play stupid. 8 flight may cheaper done paying seats. 9 route another partner airline notify 10 connecting flight cancel one leg notify you. never use again. review helps one person heeds advice job done.,434,"{'neg': 0.118, 'neu': 0.701, 'pos': 0.181, 'compound': 0.8779}",Positive,"Sentiment(polarity=0.015155677655677666, subjectivity=0.522420634920635)",0.522420635,0.015155677655677666,Positive,sadness,0.9229317903518677,Negative,Negative
665,1,"""delayed by 20 mins""",T Keilenberg,22nd December 2019,TRUE,"London to Munich BA956 on 21 December, delayed by 25 mins. Dated not very clean A320. Boarding process was slow and asking passengers to check their hand luggage. Turns out plane is half empty. No complementary drinks and snacks will be served on this flight with buy onboard in economy. Never again.",Solo Leisure,Economy Class,London to Munich,19-Dec,2,1,1,1,no,A320,,,,london munich ba956 21 december delayed 25 mins. dated clean a320. boarding process slow asking passengers check hand luggage. turns plane half empty. complementary drinks snacks served flight buy onboard economy. never again.,52,"{'neg': 0.096, 'neu': 0.751, 'pos': 0.153, 'compound': 0.4939}",Neutral,"Sentiment(polarity=-0.05, subjectivity=0.4416666666666667)",0.4416666666666667,-0.05,Negative,sadness,0.39067763090133667,Negative,Negative
1329,10,"""cabins are in need of refurbishment""",M Richards,8th January 2018,TRUE,"The First Class cabins are in need of refurbishment, but since this aircraft type is ageing this might been a pointless wish. The seats were very comfortable and completely functional. Entertainment choices were current, varied, and easy to access although the earphone supplied were not of the noise cancelling variety. The cabin staff was remarkably efficient and very kind. The food for dinner, while not overgenerous in choice was delicious and well presented with the option of dining at your own convenience. The breakfast menu was surprising in the variety of choices offered. Overall, an extremely pleasant experience. There is no Wi-Fi available on this aircraft type.",Solo Leisure,First Class,Chicago to London Heathrow,18-Jan,5,5,4,5,yes,Boeing 747-400,5,5,,first class cabins need refurbishment since aircraft type ageing might pointless wish. seats comfortable completely functional. entertainment choices current varied easy access although earphone supplied noise cancelling variety. cabin staff remarkably efficient kind. food dinner overgenerous choice delicious well presented option dining convenience. breakfast menu surprising variety choices offered. overall extremely pleasant experience. wi fi available aircraft type.,108,"{'neg': 0.023, 'neu': 0.595, 'pos': 0.383, 'compound': 0.9807}",Positive,"Sentiment(polarity=0.39358974358974363, subjectivity=0.5987179487179488)",0.5987179487179488,0.39358974358974363,Positive,joy,0.9984294772148132,Positive,Positive
1432,3,"""how disappointed I was""",M Seward,19th October 2017,FALSE,"London Heathrow to Bangkok. Was looking forward to eventually flying with British Airways after flying reguarly to Bangkok with other airlines - how disappointed I was. A low budget product with a premium price. I will never again use this airline, its the most costly option (usually) for my regular journey to Thailand, but it ranks the lowest of all the airlines I've used on this route in past 30 trips. Seatback screen so small and of poor quality, service is dreadful, seats are old with no powerpoints, no wifi on board. Best part of the trip was getting off. Absolutely shameful for a national carrier of the UK. Lower your costs BA as you really are budget - go fly with any of the Gulf airlines or a vast majority of Europe's best, BA are nowhere near good enough. Current price almost a 3rd more than the other 2 direct flights (EVA and Thai) to Bangkok and British Airways is only half as good as those.",Solo Leisure,Economy Class,London Heathrow to Bangkok,17-Oct,2,2,2,2,no,Boeing 777,1,1,,london heathrow bangkok. looking forward eventually flying british airways flying reguarly bangkok airlines disappointed was. low budget product premium price. never use airline costly option usually regular journey thailand ranks lowest airlines used route past 30 trips. seatback screen small poor quality service dreadful seats old powerpoints wifi board. best part trip getting off. absolutely shameful national carrier uk. lower costs ba really budget go fly gulf airlines vast majority europe best ba nowhere near good enough. current price almost 3rd 2 direct flights eva thai bangkok british airways half good those.,167,"{'neg': 0.215, 'neu': 0.699, 'pos': 0.086, 'compound': -0.912}",Negative,"Sentiment(polarity=0.08680555555555557, subjectivity=0.42681623931623935)",0.42681623931623935,0.086805556,Positive,sadness,0.9937580823898315,Negative,Negative
2945,7,British Airways customer review,W Woon,1st June 2015,FALSE,BA873 KRK-LHR 17 May - a new sector launched just early this month and my first time flying BA. I was pleasantly surprised (for my friend) that he was able to check-in his big carry-on for free while I paid for check-in luggage. I understood why in the end. My biggest gripe has to be that the Sunday flight departs and arrives late into LHR. This was worsened by the fact that it was a full flight but the overhead bins were already full before all were on board hence there was a 20 minute delay on the tarmac as remaining hand-carry luggage had to be put in the hold. Unfortunately flight did not manage to catch up while in the air hence we landed 20 minutes late cutting it close to the curfew time for LHR. We had to run all the way through and almost missed the last Heathrow Express train. I will never fly a late flight into LHR again. That said the pilot and cabin crew were entertaining - quite chatty over the PA and with some passengers though not necessarily friendly to all customers. 2.5 hours on an A320 passed by without any in-flight entertainment (to be expected for regional flights) and with some food and refreshments (which were good).,,Economy Class,,,4,4,,4,yes,,4,1,,ba873 krk lhr 17 may new sector launched early month first time flying ba. pleasantly surprised friend able check big carry free paid check luggage. understood end. biggest gripe sunday flight departs arrives late lhr. worsened fact full flight overhead bins already full board hence 20 minute delay tarmac remaining hand carry luggage put hold. unfortunately flight manage catch air hence landed 20 minutes late cutting close curfew time lhr. run way almost missed last heathrow express train. never fly late flight lhr again. said pilot cabin crew entertaining quite chatty pa passengers though necessarily friendly customers. 2.5 hours a320 passed without flight entertainment expected regional flights food refreshments good .,220,"{'neg': 0.1, 'neu': 0.711, 'pos': 0.189, 'compound': 0.9163}",Positive,"Sentiment(polarity=0.06306818181818181, subjectivity=0.5739772727272726)",0.5739772727272726,0.063068182,Positive,fear,0.7263021469116211,Negative,Negative
1128,7,"""overall, it’s a good option""",B Robinson,30th July 2018,TRUE,"Flew London Gatwick to Tirana Rinas. Bag drop at Gatwick was basically seamless, and BA was offering to check in your hand baggage for free. The flight was at 8:10 and the gate was supposed to be shown at 7:24 am, which was oddly specific, but as we got closer to that time, that just got more and more delayed. Until we finally got our gate info at around 7:45. For which boarding had already started. Boarding was pretty much seamless. The cabin crew greeted all the passengers which was nice. The legroom was alright, perfectly fine for a 2 and and a half hour flight. Good recline aswell. I don’t understand why British Airways opted for buy on board, their free food offering before was perfectly fine. Although the food offering was just a few sandwiches which were quite expensive. And there was no real hot food options, just a few of their sandwiches could be served hot. Flights were on time. Flights cost around £320 return per person, which was quite pricey considering the cheapest option was around half the price. So overall, it’s a good option, but if you can find something cheaper, then go for it.",Family Leisure,Economy Class,London Gatwick to Tirana Rinas,18-Jul,4,4,5,3,yes,A320-200,3,,,flew london gatwick tirana rinas. bag drop gatwick basically seamless ba offering check hand baggage free. flight 8 10 gate supposed shown 7 24 oddly specific got closer time got delayed. finally got gate info around 7 45. boarding already started. boarding pretty much seamless. cabin crew greeted passengers nice. legroom alright perfectly fine 2 half hour flight. good recline aswell. understand british airways opted buy board free food offering perfectly fine. although food offering sandwiches quite expensive. real hot food options sandwiches could served hot. flights time. flights cost around 320 return per person quite pricey considering cheapest option around half price. overall good option find something cheaper go it.,205,"{'neg': 0.03, 'neu': 0.688, 'pos': 0.282, 'compound': 0.9858}",Positive,"Sentiment(polarity=0.20394736842105263, subjectivity=0.5267543859649123)",0.5267543859649123,0.20394736842105263,Positive,joy,0.9974367022514343,Positive,Positive
3147,9,British Airways customer review,P Carter,28th January 2015,FALSE,LGW-ACF-LGW (Club Europe) On both flights we had very good cabin staff infact the purser was the same on both flights and he was very efficient and very friendly as were both stewardesses. The food was very good too lovely and hot large portions of chicken/beef tasty liked the choices given so we were very happy. The new seat configuration on the Airbus we did not like we were in row 8 then 6 and they were fine but I'd not like to be in the first row right by the door and noticeably colder (stood right by the row queuing for the loo) and there is no bulkhead any more so it's a very small open space between the first row of seats the loo and the galley! I'm only 5 ft 2 tall and very slim build and I found the loo cramped looking around I couldn't see how 1/3 of the passengers would fit in it and I don't mean they were all way overweight it is very small and slanting roof. A tall and big built person would not be happy! I gave inflight entertainment 1 as obviously they don't exist on short haul flights. The seats were far too upright and therefore uncomfortable you could only recline them a bit or otherwise the poor person behind you wouldn't have had any space and I kept sliding forward on mine. The leg rest has gone too so I had nothing to stop me moving forward and the space between rows felt a lot reduced.,,Business Class,,,3,5,,4,yes,,5,1,,lgw acf lgw club europe flights good cabin staff infact purser flights efficient friendly stewardesses. food good lovely hot large portions chicken beef tasty liked choices given happy. new seat configuration airbus like row 8 6 fine would like first row right door noticeably colder stood right row queuing loo bulkhead small open space first row seats loo galley 5 ft 2 tall slim build found loo cramped looking around could see 1 3 passengers would fit mean way overweight small slanting roof. tall big built person would happy gave inflight entertainment 1 obviously exist short haul flights. seats far upright therefore uncomfortable could recline bit otherwise poor person behind would space kept sliding forward mine. leg rest gone nothing stop moving forward space rows felt lot reduced.,269,"{'neg': 0.054, 'neu': 0.684, 'pos': 0.262, 'compound': 0.9828}",Positive,"Sentiment(polarity=0.15540159245516386, subjectivity=0.598525432900433)",0.598525433,0.15540159245516386,Positive,joy,0.7444245219230652,Positive,Neutral
2723,9,"""seat comfortable in World Traveller Plus""",I Wang,15th September 2015,FALSE,"This aging British Airways Boeing 747-400 appeared well maintained. The seat was comfortable in World Traveller Plus. I was seating on the last row so no pressure of inclining the seat. Food was good and a generous bar service. Before flight took off, a cabin manager greeted everyone and was one the nicest and cheerful crew I have met. ",Solo Leisure,Premium Economy,LHR to MIA,15-Sep,5,5,5,5,yes,Boeing 747-400,5,3,,aging british airways boeing 747 400 appeared well maintained. seat comfortable world traveller plus. seating last row pressure inclining seat. food good generous bar service. flight took cabin manager greeted everyone one nicest cheerful crew met.,60,"{'neg': 0.043, 'neu': 0.553, 'pos': 0.403, 'compound': 0.9531}",Positive,"Sentiment(polarity=0.3, subjectivity=0.49333333333333335)",0.49333333333333335,0.3,Positive,love,0.7603201866149902,Positive,Positive
1968,9,"""unobtrusive service provided""",Leo Reuter,28th November 2016,FALSE,"Singapore to London. Having not flown British Airways long haul for over fifteen years I was pleasantly surprised on my recent return trip to London. The premium economy seats on the upper deck were clean and comfortable and the food served was well above average. However, more important was the unobtrusive service provided by the cabin staff whereby announcements are kept to a minimum and there is no constant patrolling during the flight. Both flights left and arrived on time. Overall a very good experience.",Business,Premium Economy,SIN to LHR,16-Nov,5,5,5,5,yes,A380,5,4,5,singapore london. flown british airways long haul fifteen years pleasantly surprised recent return trip london. premium economy seats upper deck clean comfortable food served well average. however important unobtrusive service provided cabin staff whereby announcements kept minimum constant patrolling flight. flights left arrived time. overall good experience.,85,"{'neg': 0.0, 'neu': 0.692, 'pos': 0.308, 'compound': 0.9413}",Positive,"Sentiment(polarity=0.1358974358974359, subjectivity=0.4141025641025641)",0.4141025641025641,0.1358974358974359,Positive,surprise,0.9739493131637573,Neutral,Positive
2188,1,"""no longer worth any extra cost""",F Peters,13th July 2016,FALSE,"Sadly British Airways Business Class, London Heathrow to Geneva is no longer worth any extra cost. I'm only 185cm and can't sit comfortably and relax without being sideways. In addition to Chamonix we have homes in London and Telluride, Colorado and BA lost us as customers for quite a few years on the LHR to DEN, 777 service, again because of the ridiculous seat forward/backward seat configuration in Business Class, that requires us or someone else to climb over us to get out of the seat during the flight. Therefore we flew Air NZ (much, much better flight if a little inconvenient) to LAX (6-8 return flights a year) and suffered longer on United to get to our destination as BA Business was so bad. Fortunately they now have a 747 on the LHR to DEN service where we can fly First Class which we are using, but it would only take another airline to do this route for us to move away from the ageing cabin staff and extremely average service.
",Business,Business Class,LHR to GVA,16-Jul,1,2,1,1,no,A320,1,,,sadly british airways business class london heathrow geneva longer worth extra cost. 185cm cannot sit comfortably relax without sideways. addition chamonix homes london telluride colorado ba lost us customers quite years lhr den 777 service ridiculous seat forward backward seat configuration business class requires us someone else climb us get seat flight. therefore flew air nz much much better flight little inconvenient lax 6 8 return flights year suffered longer united get destination ba business bad. fortunately 747 lhr den service fly first class using would take another airline route us move away ageing cabin staff extremely average service.,175,"{'neg': 0.184, 'neu': 0.749, 'pos': 0.066, 'compound': -0.9108}",Negative,"Sentiment(polarity=0.052243589743589766, subjectivity=0.5384615384615385)",0.5384615384615385,0.052243589743589766,Positive,sadness,0.8950522541999817,Negative,Negative
1531,1,"""BA have lost another client""",Wolfgang Riebe,27th July 2017,FALSE,"Bergen to London Heathrow. I was a Gold executive member for years and raved about BA. Sadly that has hugely changed. This year I flew from London to Frankfurt with my daughter and we had to buy food on board. I found this highly irregular, especially for a mainstream airline. Today I flew from Bergen to London and again experience ended this! This is disgusting! BA charge way higher prices than others and very much more than the cheapie lines and now also charge for food in economy.  The entire executive team should be fired. And BA have lost another client!",Business,Economy Class,Bergen to London Heathrow,17-Jul,2,2,2,1,no,,1,2,1,bergen london heathrow. gold executive member years raved ba. sadly hugely changed. year flew london frankfurt daughter buy food board. found highly irregular especially mainstream airline. today flew bergen london experience ended disgusting ba charge way higher prices others much cheapie lines also charge food economy. entire executive team fired. ba lost another client,101,"{'neg': 0.195, 'neu': 0.805, 'pos': 0.0, 'compound': -0.9022}",Negative,"Sentiment(polarity=0.0014285714285714218, subjectivity=0.6807142857142857)",0.6807142857142857,0.001428571,Positive,anger,0.8688316941261292,Negative,Negative
3555,8,British Airways customer review,Alyssa Ablitt,6th July 2014,FALSE,Travelled with my husband sister and brother inlaw to Rome via Heathrow. Yep long flight so everyone kept reminding me when I told them where we were from. Decided to upgrade to Premium Economy and thanks to our travel agent got a good deal. Several years ago I was put off from flying British Airways so thought I'd give them another go. Wasn't disappointed all flights were good considering we flew straight through to Rome I felt pretty good at the end of 30 hours in the air. The Premium Eco seats had plenty of leg room on all flights 2 bags per person even the flight from Barcelona to Gatwick which we were very grateful for. Can't say the food was anything to rave about. When the food you are eating has been on the plane as long as you have it really can't be good. Overall the flights were really good on time easy pickup of bags etc. the only disappointment is having to pay for the allocation of our seats. Apparently this is now common practice. Just be upfront about it that's all. will defiantly investigate BA again though.,,Premium Economy,,,4,4,,3,yes,,3,3,,travelled husband sister brother inlaw rome via heathrow. yep long flight everyone kept reminding told from. decided upgrade premium economy thanks travel agent got good deal. several years ago put flying british airways thought would give another go. disappointed flights good considering flew straight rome felt pretty good end 30 hours air. premium eco seats plenty leg room flights 2 bags per person even flight barcelona gatwick grateful for. cannot say food anything rave about. food eating plane long really cannot good. overall flights really good time easy pickup bags etc. disappointment pay allocation seats. apparently common practice. upfront all. defiantly investigate ba though.,195,"{'neg': 0.061, 'neu': 0.697, 'pos': 0.242, 'compound': 0.9685}",Positive,"Sentiment(polarity=0.16851851851851854, subjectivity=0.4490740740740742)",0.4490740740740742,0.16851851851851854,Positive,joy,0.8833702802658081,Positive,Positive
3693,10,British Airways customer review,J Tinning,29th August 2012,FALSE,Flew LHR - VIE return operated by bmi but BA aircraft. A319 aircraft was clearly new and very clean. The crew were smiling friendly and helpful. No in-flight entertainment but not a problem on this short-haul flight. Delicious lunch was served - ham and mustard sub roll and unlimited drinks available. Have flown British Airways on this route many times now and they have never had a flaw in decent service and staff whether on the ground or in the skies.,,Economy Class,,,5,5,,4,yes,,5,,,flew lhr vie return operated bmi ba aircraft. a319 aircraft clearly new clean. crew smiling friendly helpful. flight entertainment problem short haul flight. delicious lunch served ham mustard sub roll unlimited drinks available. flown british airways route many times never flaw decent service staff whether ground skies.,81,"{'neg': 0.043, 'neu': 0.623, 'pos': 0.334, 'compound': 0.9531}",Positive,"Sentiment(polarity=0.32718855218855214, subjectivity=0.5023569023569023)",0.5023569023569023,0.32718855218855214,Positive,joy,0.9952654838562012,Positive,Positive
1066,2,"""Air conditioning problem""",Bernard Kauffmann,23rd October 2018,TRUE,"London to Cape Town.  Waiting at gate, the staff announced flight will be delayed because cabin temperature is too high. Air conditioning problem on board. She said all doors of aircraft have been opened, lights dimmed or switched off to decrease temperature, boarding will start as soon as possible. Finally one hour after take off temperature became acceptable. ",Couple Leisure,Economy Class,London to Cape Town,18-Oct,2,1,1,1,no,Boeing 747-400,2,,,london cape town. waiting gate staff announced flight delayed cabin temperature high. air conditioning problem board. said doors aircraft opened lights dimmed switched decrease temperature boarding start soon possible. finally one hour take temperature became acceptable.,58,"{'neg': 0.115, 'neu': 0.827, 'pos': 0.058, 'compound': -0.3182}",Neutral,"Sentiment(polarity=0.05333333333333334, subjectivity=0.8466666666666667)",0.8466666666666667,0.053333333,Positive,fear,0.6372756361961365,Negative,Neutral
2078,3,"""a mistake to choose BA""",Michael Shortland,30th September 2016,FALSE,"Paris to Bangkok via London. What a mistake to choose BA for this business class flight. The experience of the seats (with their weird coffin-like configuration, sliding screens, and people climbing over me almost continually) was enough to say ""never again"". The service was very patchy, with some decidedly long-faced and size-challenged cabin staff. Coffee undrinkable, and forget having a choice. Main course near to inedible, but the portions were thankfully miniature. The wine selection was good, but my unsmiling stewardess told me there was no Bordeaux ""only merdock"". (I should have explained that Medoc is a Bordeaux region, but really). This simply comes nowhere close to Thai, Emirates or Cathay. Singapore Airlines is in a league way way ahead. I should add that the lounges in Paris and London were great. Paris was a share with Cathay, and London's Terminal 5 lounge was excellent. Shame about the flight and the quite hideous seating: tight, face to face with a complete stranger, noisy and hard.",Couple Leisure,Business Class,CDG to BKK via LHR,16-Sep,1,1,4,3,no,,1,,,paris bangkok via london. mistake choose ba business class flight. experience seats weird coffin like configuration sliding screens people climbing almost continually enough say never . service patchy decidedly long faced size challenged cabin staff. coffee undrinkable forget choice. main course near inedible portions thankfully miniature. wine selection good unsmiling stewardess told bordeaux merdock . explained medoc bordeaux region really . simply comes nowhere close thai emirates cathay. singapore airlines league way way ahead. add lounges paris london great. paris share cathay london terminal 5 lounge excellent. shame flight quite hideous seating tight face face complete stranger noisy hard.,172,"{'neg': 0.12, 'neu': 0.721, 'pos': 0.16, 'compound': 0.8225}",Positive,"Sentiment(polarity=0.15386904761904766, subjectivity=0.5473214285714286)",0.5473214285714286,0.15386904761904766,Positive,fear,0.8950608372688293,Negative,Negative
2969,9,British Airways customer review,A Domican,22nd May 2015,FALSE,Flight BA72 and BA73. Departed 14th May returned 20th May 2015. Very impressed with flight and cabin service on our trip from Dublin to Muscat Oman both in Club Europe and Club World. Was a bit dubious from reading other reviews however could not fault the service. Our flight was not busy so maybe this helped however I am looking forward to my return trip. Would book again.,,Business Class,,,5,5,,5,yes,,5,5,,flight ba72 ba73. departed 14th may returned 20th may 2015. impressed flight cabin service trip dublin muscat oman club europe club world. bit dubious reading reviews however could fault service. flight busy maybe helped however looking forward return trip. would book again.,68,"{'neg': 0.11, 'neu': 0.825, 'pos': 0.066, 'compound': -0.2732}",Neutral,"Sentiment(polarity=0.3666666666666667, subjectivity=0.43333333333333335)",0.43333333333333335,0.3666666666666667,Positive,surprise,0.9589580297470093,Neutral,Positive
964,2,"""would be my last choice""",G Beele,15th February 2019,TRUE,"My husband and I flew on British Airways flight BA-228 from Baltimore to London Heathrow leaving on the 12th February 2019. Every aspect of the flight was poorer than what budget airlines have to offer. The plane was shabby and dated. The seat reclining facility did not operate properly, was not that comfortable, and we had less legroom than the equivalent with budget airlines. The touch screen TV monitor was not working properly. One ear bud on the headphones did not work. The audio socket was too loose for the headphones so the plug kept falling out making it difficult to enjoy the in-flight entertainment (which in itself had a dated choice). The pillow was disgusting and kept falling out of the flimsy cover. The air conditioning lacked consistency alternating between very hot and very cold air. The restroom occupied sign always lit up as vacant even if it was occupied. However what made the flight very unpleasant was the bad attitude of the cabin crew. They were abrupt, unfriendly and quite clearly did not want to be there. There was one exception, an extremely pleasant older crew member who greeted us on and off the flight. There did not appear to be any organisation or smooth co-ordination when distributing the meals. Our two trays of food where placed on top of each other and practically thrown at us by a sour faced crew member. This flight was one hour late making us nervous about catching our connecting flight. There was no information or instructions given to us about connecting flight gate numbers before we landed. Unlike all the other airlines that I have travelled with there were no staff member greeting the connecting customers to point them in the right direction or re-assure them. British Airways would be my last choice of an airline to travel with and I would only fly with them again if there was no other option.",Couple Leisure,Economy Class,Baltimore to London Heathrow,19-Feb,1,1,2,2,no,Boeing 787,1,1,,husband flew british airways flight ba 228 baltimore london heathrow leaving 12th february 2019. every aspect flight poorer budget airlines offer. plane shabby dated. seat reclining facility operate properly comfortable less legroom equivalent budget airlines. touch screen tv monitor working properly. one ear bud headphones work. audio socket loose headphones plug kept falling making difficult enjoy flight entertainment dated choice . pillow disgusting kept falling flimsy cover. air conditioning lacked consistency alternating hot cold air. restroom occupied sign always lit vacant even occupied. however made flight unpleasant bad attitude cabin crew. abrupt unfriendly quite clearly want there. one exception extremely pleasant older crew member greeted us flight. appear organisation smooth co ordination distributing meals. two trays food placed top practically thrown us sour faced crew member. flight one hour late making us nervous catching connecting flight. information instructions given us connecting flight gate numbers landed. unlike airlines travelled staff member greeting connecting customers point right direction assure them. british airways would last choice airline travel would fly option.,327,"{'neg': 0.126, 'neu': 0.741, 'pos': 0.133, 'compound': 0.3103}",Neutral,"Sentiment(polarity=0.014684981684981722, subjectivity=0.5595311355311356)",0.5595311355311356,0.014684981684981722,Positive,anger,0.7203114628791809,Negative,Negative
2577,5,"""so much cabin baggage""",Peter Meikle,13th November 2015,FALSE,"Gatwick to Venice with British Airways. The plane was clean, crew good and reasonably on time, with good check in. But the flight was made unpleasant by BA encouraging people to take so much cabin baggage on to the plane. The return flight was perhaps 80% full, but the overhead lockers were full. It causes a scrum at boarding. The back row passengers board first and stowed their cases at the front so they don't have to carry them down the plane. The lockers are than full when the forward rows boarded they had nowhere to stow theirs. It was then chaos while the cabin crew sorted it out. It should be every passengers right to not have luggage under their feet.",Solo Leisure,Economy Class,Gatwick to Venice,15-Nov,4,5,5,5,yes,A320/319,4,,,gatwick venice british airways. plane clean crew good reasonably time good check in. flight made unpleasant ba encouraging people take much cabin baggage plane. return flight perhaps 80 full overhead lockers full. causes scrum boarding. back row passengers board first stowed cases front carry plane. lockers full forward rows boarded nowhere stow theirs. chaos cabin crew sorted out. every passengers right luggage feet.,123,"{'neg': 0.041, 'neu': 0.76, 'pos': 0.199, 'compound': 0.8956}",Positive,"Sentiment(polarity=0.23864468864468866, subjectivity=0.4745421245421245)",0.4745421245421245,0.23864468864468866,Positive,sadness,0.9345711469650269,Negative,Negative
1998,4,"""do not know if I will fly again""",Nuno Luz,14th November 2016,FALSE,"London to Lisbon with British Airways. Very bad flight, when a person does not want to check in baggage it is because he packed to not waste time in the luggage pick up. My luggage was taken during the boarding procedure because they said the flight was full, yes it was but there was enough space to all to have the mini trolley that I had in the plane, and people that I must say had bigger luggage then my own. Once in the plane fast exit from Heathrow and once on flight a bag of chips, or peanuts, very healthy. On the arrival at Lisbon plane parked near the Military Aerodrome on Portela (Figo Maduro), and 10 minutes bus ride to the terminal and more 10 minutes to wait for luggage. Long time BA customer but do not know if I will fly again.",Business,Economy Class,LHR to LIS,16-Nov,5,2,1,2,no,A320,1,,,london lisbon british airways. bad flight person want check baggage packed waste time luggage pick up. luggage taken boarding procedure said flight full yes enough space mini trolley plane people must say bigger luggage own. plane fast exit heathrow flight bag chips peanuts healthy. arrival lisbon plane parked near military aerodrome portela figo maduro 10 minutes bus ride terminal 10 minutes wait luggage. long time ba customer know fly again.,145,"{'neg': 0.081, 'neu': 0.833, 'pos': 0.086, 'compound': -0.1531}",Neutral,"Sentiment(polarity=0.11538461538461539, subjectivity=0.47051282051282056)",0.47051282051282056,0.11538461538461539,Positive,joy,0.8858197927474976,Positive,Negative
2123,9,"""crew were polite and helpful""",Jean Doherty,11th September 2016,FALSE,"We flew from Gatwick to Porto return. The flights were on time, crew on board were polite and helpful, the captain kept us informed on both the outward and return flights. The cabin and toilets were clean. Porto airport was well run and efficient, Gatwick which had filthy toilets was not such a pleasant experience. ",Family Leisure,Economy Class,LGW to OPO,16-Sep,4,5,4,4,yes,,2,1,,flew gatwick porto return. flights time crew board polite helpful captain kept us informed outward return flights. cabin toilets clean. porto airport well run efficient gatwick filthy toilets pleasant experience.,55,"{'neg': 0.0, 'neu': 0.646, 'pos': 0.354, 'compound': 0.9136}",Positive,"Sentiment(polarity=0.10000000000000002, subjectivity=0.888888888888889)",0.888888889,0.10000000000000002,Positive,joy,0.9305981397628784,Positive,Positive
425,3,"""packed-like-sardines Club World product""",David Ellis,29th March 2022,TRUE,"British Airways are in the process of upgrading all its 777 fleet to the new Club Suite, but BA59 had the 16-yrs-old, packed-like-sardines Club World product. The lounge at CPT was also bursting at the seams and food orders were so behind that many passengers had left by the time their food arrived. On boarding, we were surprised to find that the menu, amenity kit and bottle of water had already been placed in the storage drawer. We suspect this is another cynical time-saving initiative on the part of BA. Frustratingly, the menu turned out to be incorrect and the replacement dishes were probably the worst we have ever encountered in any business class on any airline. The drinks run was cancelled without any warning on the spurious basis of a passenger with a nut allergy. It's hard to avoid suspicions that cabin crew were being economical with the truth. Apart from a rather turbulent ride, the flight was otherwise uneventful and arrival was slightly ahead of schedule. Baggage handling was, however, atrociously slow.",Couple Leisure,Business Class,Cape Town to London,22-Mar,2,1,3,2,no,Boeing 777-200,1,2,,british airways process upgrading 777 fleet new club suite ba59 16 yrs old packed like sardines club world product. lounge cpt also bursting seams food orders behind many passengers left time food arrived. boarding surprised find menu amenity kit bottle water already placed storage drawer. suspect another cynical time saving initiative part ba. frustratingly menu turned incorrect replacement dishes probably worst ever encountered business class airline. drinks run cancelled without warning spurious basis passenger nut allergy. hard avoid suspicions cabin crew economical truth. apart rather turbulent ride flight otherwise uneventful arrival slightly ahead schedule. baggage handling however atrociously slow.,180,"{'neg': 0.173, 'neu': 0.752, 'pos': 0.075, 'compound': -0.8824}",Negative,"Sentiment(polarity=-0.14442640692640696, subjectivity=0.547348484848485)",0.547348485,-0.144426407,Negative,surprise,0.6625197529792786,Neutral,Negative
47,1,"""everyone refused to help us"" ",Terri Galli,20th September 2023,FALSE,"Everything was ok until our connecting flight in London, just before take off, we were on the runway, the pilot came on to announce an engine problem. After engineers tried to fix it while we waited on the plane for over an hour we were finally told that we would have to be evacuated and rebooked for another flight but not to worry because a special crew was waiting for us on the ground to help us and set us up in a hotel except that there was no one to help us. In fact everyone refused to help us. It was Saturday almost 8pm and they just wanted to go home. Anyone with a connecting flight couldn't rebook on the application because the app wouldn't disassociate our first flight with the connecting one in London and the staff saw this but still refused to help us. They gave us a phone number but there was only a message that said just to use the app. Finally I got someone on the phone who rebooked us for the next day. Now it's 10:30pm and I have to find a hotel room because the airline refused also to help us with that. So i had 2 choices either sleep in the airport or pay over 700GBP for a room. I don't have the money to pay for this but after a 10 hour flight, 8 hours of jet lag and the insane stress after the fact that no one from British Airways would help us I took the room. Of course I claimed reimbursement but that was over 3 weeks ago and I haven't heard anything since so I have no idea when or how much I'll be reimbursed, even though I'm not claiming any emotional compensation from the horrible situation they put me through due to their total indifference. It's financially difficult for me right now because the money I had to put out is equal to half my salary and of course it's impossible to reach them by phone. I feel still as i did on August 26 2023 completely trapped by them and their indifference with no solution or information",Family Leisure,Economy Class,San Diego to Marseille via London ,23-Aug,3,2,1,3,no,,3,3,1,everything ok connecting flight london take runway pilot came announce engine problem. engineers tried fix waited plane hour finally told would evacuated rebooked another flight worry special crew waiting us ground help us set us hotel except one help us. fact everyone refused help us. saturday almost 8pm wanted go home. anyone connecting flight could rebook application app would disassociate first flight connecting one london staff saw still refused help us. gave us phone number message said use app. finally got someone phone rebooked us next day. 10 30pm find hotel room airline refused also help us that. 2 choices either sleep airport pay 700gbp room. money pay 10 hour flight 8 hours jet lag insane stress fact one british airways would help us took room. course claimed reimbursement 3 weeks ago heard anything since idea much reimbursed even though claiming emotional compensation horrible situation put due total indifference. financially difficult right money put equal half salary course impossible reach phone. feel still august 26 2023 completely trapped indifference solution information,372,"{'neg': 0.172, 'neu': 0.692, 'pos': 0.136, 'compound': -0.7453}",Negative,"Sentiment(polarity=-0.10870927318295741, subjectivity=0.5437969924812031)",0.5437969924812031,-0.108709273,Negative,anger,0.9286836385726929,Negative,Negative
2953,2,British Airways customer review,Lucas Robert,31st May 2015,FALSE,"We travelled on Flight BA11 from Heathrow to Singapore on 25th July 2014 and it is most unlikely we would travel with them again. We were supposed to depart at 2000 and had arrived early to escape the rush and heat of London. When we checked the Departures board we noticed no gate number had been allotted to our flight. We hung around Gate A area and waited for further advice and waited and waited. The clock ticked on and we all waited for the advice the board is supposed to display. Come 1920 (supposed to be boarding) and still no gate number or advice as to the delayed boarding. I could go on and on but finally at 2008 (yes 8 minutes after scheduled departure time!) the board declared that we had to go to Gate B area for a 2100 departure. Still no explanation as to why we were an hour late. We caught the transit service and headed over there finally boarding the plane after the rescheduled departure time. The air conditioning was virtually non-functional and we were forced to sit in the stinking heat waiting for some sort of explanation and apology. The staff seemed surly and disinterested in our discomfort and one stewardess near us at the rear of the plane refused two requests from passengers to bring water using the defence that she was ""on my own back here and cannot leave my post"". Incredibly she left her post several times when it suited her to talk to other stewards etc! About 2110 the Captain announced that they had ""lost a passenger and we should depart within 10-15 minutes"". Finally at 2221 we took off after sitting in the terrible heat and humidity of all those bodies for over an hour with no service of drinks or anything else after boarding over an hour late! Yes we departed 2 hours and 21 minutes late and still without explanation or apology of any kind from any of the staff! The air conditioning did not start to reduce the temperature until more than 3 hours into the flight! When we landed at Singapore the Captain announced that he ""hoped the ongoing passengers hadn't been too inconvenienced by the hold-up"". I guess that was BA's apology? Totally disgraceful BA andwe still don't know why we were delayed.",,Economy Class,,,3,2,,2,no,,3,3,,travelled flight ba11 heathrow singapore 25th july 2014 unlikely would travel again. supposed depart 2000 arrived early escape rush heat london. checked departures board noticed gate number allotted flight. hung around gate area waited advice waited waited. clock ticked waited advice board supposed display. come 1920 supposed boarding still gate number advice delayed boarding. could go finally 2008 yes 8 minutes scheduled departure time board declared go gate b area 2100 departure. still explanation hour late. caught transit service headed finally boarding plane rescheduled departure time. air conditioning virtually non functional forced sit stinking heat waiting sort explanation apology. staff seemed surly disinterested discomfort one stewardess near us rear plane refused two requests passengers bring water using defence back cannot leave post . incredibly left post several times suited talk stewards etc 2110 captain announced lost passenger depart within 10 15 minutes . finally 2221 took sitting terrible heat humidity bodies hour service drinks anything else boarding hour late yes departed 2 hours 21 minutes late still without explanation apology kind staff air conditioning start reduce temperature 3 hours flight landed singapore captain announced hoped ongoing passengers inconvenienced hold . guess ba apology totally disgraceful ba andwe still know delayed.,399,"{'neg': 0.121, 'neu': 0.794, 'pos': 0.085, 'compound': -0.914}",Negative,"Sentiment(polarity=-0.11874999999999997, subjectivity=0.553125)",0.553125,-0.11875,Negative,anger,0.4588536322116852,Negative,Negative
1488,5,"""seating rough around the edges""",A Wharton,31st August 2017,FALSE,"London Heathrow to Bucharest. A full flight both ways to Bucharest using a A321. Boarding in London was efficient and orderly. The boarding in Bucharest was more akin to a rugby scrum! Any sense of control by BA went out of the window. The plane was clean, but the interior was tired and the seating rough around the edges. There was no USB ports or entertainment which makes for a long 3 hours. The M&S meal service worked well flying out of London, but less so returning. Food Inventory must have been limited on departure as must products quickly sold out. Leaving a selection of drinks and crisps! Also the BA cabin crew are still learning how to take payments quickly and efficiently, which slows the process down too.",Business,Economy Class,London Heathrow to Bucharest,17-Aug,2,4,3,2,no,A321,2,1,1,london heathrow bucharest. full flight ways bucharest using a321. boarding london efficient orderly. boarding bucharest akin rugby scrum sense control ba went window. plane clean interior tired seating rough around edges. usb ports entertainment makes long 3 hours. meal service worked well flying london less returning. food inventory must limited departure must products quickly sold out. leaving selection drinks crisps also ba cabin crew still learning take payments quickly efficiently slows process too.,130,"{'neg': 0.058, 'neu': 0.784, 'pos': 0.158, 'compound': 0.8074}",Positive,"Sentiment(polarity=0.06613756613756612, subjectivity=0.43994708994709)",0.43994709,0.066137566,Positive,joy,0.9611402153968811,Positive,Negative
3560,2,British Airways customer review,John Frewen-Lord,6th July 2014,FALSE,Flew from LHR to YYZ on 23 June on new 787. Not impressed. Very bumpy taxiing. Smooth inflight but I couldn't really notice the extra cabin pressure or humidity that is supposed to be so wonderful. I was seated in a window seat. Flight completely spoilt by massive 130 kg passenger seated in middle seat - he could not fit between the armrests and needed help from both myself and passenger in aisle seat to even fasten his seatbelt. This is unacceptable especially since I paid £30 extra to choose my seat! Cabin crew friendly and efficient though why they didn't notice the situation with my huge fellow passenger and do something about it I don't know - safety issue if nothing else. Otherwise flight OK.,,Economy Class,,,1,4,,3,yes,,3,5,,flew lhr yyz 23 june new 787. impressed. bumpy taxiing. smooth inflight could really notice extra cabin pressure humidity supposed wonderful. seated window seat. flight completely spoilt massive 130 kg passenger seated middle seat could fit armrests needed help passenger aisle seat even fasten seatbelt. unacceptable especially since paid 30 extra choose seat cabin crew friendly efficient though notice situation huge fellow passenger something know safety issue nothing else. otherwise flight ok.,127,"{'neg': 0.057, 'neu': 0.667, 'pos': 0.277, 'compound': 0.959}",Positive,"Sentiment(polarity=0.3007575757575758, subjectivity=0.536969696969697)",0.536969697,0.3007575757575758,Positive,joy,0.9644618034362793,Positive,Negative
1270,3,"""cabin staff were almost robotic""",Michael Wyatt,14th March 2018,TRUE,"Food on this 4+ hours flight from Moscow to Heathrow was a filled roll and 1 cup of tea/coffee. The other London-Moscow flights provide a full meal. The cabin staff were almost robotic and programmed in the discharge of their duties with no interaction with passengers. When the flight touched down, it was 75 minutes before we disembarked, 6 British Airways flights that landed after us discharged their passengers whilst our flight waited first at a stand and then 15 minutes for an air bridge operator. My email to their CEO produced nothing except a plastic apology, even though the captain continually said we were waiting on find the guy responsible for stand allocation. Used to be BA was a world leader. They've followed the empire and dinosaurs into extinction.",Solo Leisure,Economy Class,Moscow to Heathrow,18-Feb,2,1,1,3,no,Boeing 777,1,3,1,food 4 hours flight moscow heathrow filled roll 1 cup tea coffee. london moscow flights provide full meal. cabin staff almost robotic programmed discharge duties interaction passengers. flight touched 75 minutes disembarked 6 british airways flights landed us discharged passengers whilst flight waited first stand 15 minutes air bridge operator. email ceo produced nothing except plastic apology even though captain continually said waiting find guy responsible stand allocation. used ba world leader. followed empire dinosaurs extinction.,133,"{'neg': 0.015, 'neu': 0.954, 'pos': 0.031, 'compound': 0.2851}",Neutral,"Sentiment(polarity=0.18333333333333335, subjectivity=0.4222222222222222)",0.4222222222222222,0.18333333333333335,Positive,anger,0.7977381944656372,Negative,Negative
163,2,"""a lot of actual lies being told""",Alexander George,1st May 2023,TRUE,"Despite being a gold member, the British Airways staff in Heathrow literally could not care in the slightest about the absolute turmoil and logistical damage or wider impact of their terrible service. All the staff members repeat the same mantra - “we are not obliged to provide even an update for the first 24 hours” as if that would make the situation better. There are no proactive updates, no empathy, no care but a lot of actual lies being told. You can tell that they have given up any care or thought for the passengers as actual individuals - they show this in every action and word they say. All of them are better suited to working away from other humans.",Business,Economy Class,New York to London,23-Apr,4,3,1,1,no,,3,3,4,despite gold member british airways staff heathrow literally could care slightest absolute turmoil logistical damage wider impact terrible service. staff members repeat mantra obliged provide even update first 24 hours would make situation better. proactive updates empathy care lot actual lies told. tell given care thought passengers actual individuals show every action word say. better suited working away humans.,119,"{'neg': 0.147, 'neu': 0.622, 'pos': 0.231, 'compound': 0.765}",Positive,"Sentiment(polarity=0.0611111111111111, subjectivity=0.3925925925925926)",0.3925925925925926,0.061111111,Positive,joy,0.9850311279296875,Positive,Negative
3486,2,British Airways customer review,W Sachs,18th August 2014,FALSE,We flew the A380 from LAX-LHR-JNB-LHR-LAX in August 2014 in business class. This plane was designed by someone who never flew it. The seats are so close together with no room on the window side to get out when the seats are flat. A person has to put up the foot rest for a place to stand and then step over the person next to them to get out into the aisle. In addition the person on the window seat gets all the food handed to them in front of the face of the person on the aisle. They have put so many people in each row that the seats are very narrow. There is virtually no place ( a small drawer at the seat) for personal items to be used during the flight without getting out of the seat to get something from the overhead.,,Business Class,,,2,4,,2,no,,3,5,,flew a380 lax lhr jnb lhr lax august 2014 business class. plane designed someone never flew it. seats close together room window side get seats flat. person put foot rest place stand step person next get aisle. addition person window seat gets food handed front face person aisle. put many people row seats narrow. virtually place small drawer seat personal items used flight without getting seat get something overhead.,149,"{'neg': 0.0, 'neu': 1.0, 'pos': 0.0, 'compound': 0.0}",Neutral,"Sentiment(polarity=0.004166666666666661, subjectivity=0.2875)",0.2875,0.004166667,Positive,anger,0.6740156412124634,Negative,Negative
3576,9,British Airways customer review,V Bristow,23rd June 2014,FALSE,Flight BA 202 Boston to Heathrow. Aircraft B747 version 1. We were seated in PE. The cabin was quiet and not full so we had plenty of room. The cabin crew were very attentive and spoke to all the passengers in our cabin. Service after take off was very quick and professional the food was very good and not hurried giving us 3.5 hours to sleep. The seats were very comfortable and the extra space was appreciated. My only complaint is my TV monitor was faulty and had a black line down the screen. It was not an issue as I was planning to sleep rather than watch a movie. The cabin was quieter than economy as it was at the front of the plane and I had a good 3 hours sleep. The Flight attendants were offering drinks throughout the flight which was good. The breakfast was a croissant in a box which I found a bit of a disappointment. Overall I would fly BA Premium Economy again.,,Premium Economy,,,5,5,,5,yes,,5,3,,flight ba 202 boston heathrow. aircraft b747 version 1. seated pe. cabin quiet full plenty room. cabin crew attentive spoke passengers cabin. service take quick professional food good hurried giving us 3.5 hours sleep. seats comfortable extra space appreciated. complaint tv monitor faulty black line screen. issue planning sleep rather watch movie. cabin quieter economy front plane good 3 hours sleep. flight attendants offering drinks throughout flight good. breakfast croissant box found bit disappointment. overall would fly ba premium economy again.,169,"{'neg': 0.081, 'neu': 0.736, 'pos': 0.183, 'compound': 0.872}",Positive,"Sentiment(polarity=0.2260416666666667, subjectivity=0.4447916666666667)",0.4447916666666667,0.2260416666666667,Positive,sadness,0.5394259095191956,Negative,Positive
3684,2,British Airways customer review,G Pardoe,3rd May 2014,FALSE,Las Vegas-LGW 777 3 class. Business. The unique forward facing/rear facing seat configuration fits in more seats than other leading airlines. Try to get a window/aisle seat if you are travelling as a couple but you will be lucky unless you are prepared to pay £60 to choose your seat. Otherwise you will be allocated a seat 24 hours before the flight and there are limited choices to change your seat allocation on a busy flight. In the middle 4 seats you will be either facing someone during service take off and landing or sat next to someone with a small partition between you. In all seats the foot rest is part of the bed and blocks access so you will either have to step over or be stepped over to leave your seat. The seats were comfortable in all positions. Dinner was average but less elegant than meals on other leading airlines. Breakfast was a disaster; hardly any of the choices on the menu were available but no explanation or apology were offered which was typical of the functional unsmiling flight attendants. We got a good price in a BA sale but the overall experience was disappointing.,,Business Class,,,3,1,,3,no,,1,4,,las vegas lgw 777 3 class. business. unique forward facing rear facing seat configuration fits seats leading airlines. try get window aisle seat travelling couple lucky unless prepared pay 60 choose seat. otherwise allocated seat 24 hours flight limited choices change seat allocation busy flight. middle 4 seats either facing someone service take landing sat next someone small partition you. seats foot rest part bed blocks access either step stepped leave seat. seats comfortable positions. dinner average less elegant meals leading airlines. breakfast disaster hardly choices menu available explanation apology offered typical functional unsmiling flight attendants. got good price ba sale overall experience disappointing.,201,"{'neg': 0.116, 'neu': 0.759, 'pos': 0.126, 'compound': 0.2975}",Neutral,"Sentiment(polarity=0.06540616246498597, subjectivity=0.4520308123249301)",0.4520308123249301,0.065406162,Positive,sadness,0.639095664,Negative,Negative
3575,3,British Airways customer review,Kidd William,23rd June 2014,FALSE,I flew from Edinburgh to Heathrow and then on to JFK and returned from Las Vegas. The flights in the UK were fine but the flight to JFK and from Vegas to Heathrow were terrible the seats were narrow and the food was disgusting both ways.,,Economy Class,,,1,2,,2,no,,1,3,,flew edinburgh heathrow jfk returned las vegas. flights uk fine flight jfk vegas heathrow terrible seats narrow food disgusting ways.,46,"{'neg': 0.257, 'neu': 0.672, 'pos': 0.071, 'compound': -0.6908}",Negative,"Sentiment(polarity=-0.4458333333333333, subjectivity=0.725)",0.725,-0.445833333,Negative,anger,0.9757634401321411,Negative,Negative
314,1,"""very short leg space""",Shahid Habib,11th September 2022,TRUE,"London to Istanbul. British Airways Business Class rows comprise of three seats with the middle seat empty. Front rows about 5-7 are considered as Business Class, with very short leg space.  No pillows, no blanket, horrible inflight service, staff were harassing me. No curtesy for business Class check-in while waiting for flights. ",Business,Business Class,London to Istanbul,22-Sep,1,1,1,1,no,,1,,,london istanbul. british airways business class rows comprise three seats middle seat empty. front rows 5 7 considered business class short leg space. pillows blanket horrible inflight service staff harassing me. curtesy business class check waiting flights.,54,"{'neg': 0.216, 'neu': 0.784, 'pos': 0.0, 'compound': -0.8316}",Negative,"Sentiment(polarity=-0.22000000000000003, subjectivity=0.36)",0.36,-0.22,Negative,anger,0.9165980219841003,Negative,Negative
1840,8,"""exceed my expectation""",A Wong,7th February 2017,FALSE,"London Heathrow to Berlin Tegel. A good flight. Food is good for a short-haul flight in business class, but I note that there is no longer free snack and drink in Economy. Now they sell M&S stuff. But the question is whether it is worth the while flying business short-haul. I did only because it is one of my long haul segments. I expect nothing and it turn out to exceed my expectation. ",Solo Leisure,Business Class,London to Berlin,17-Jan,3,4,3,4,yes,,4,,,london heathrow berlin tegel. good flight. food good short haul flight business class note longer free snack drink economy. sell stuff. question whether worth flying business short haul. one long haul segments. expect nothing turn exceed expectation.,76,"{'neg': 0.0, 'neu': 0.75, 'pos': 0.25, 'compound': 0.875}",Positive,"Sentiment(polarity=0.2928571428571428, subjectivity=0.4428571428571429)",0.4428571428571429,0.2928571428571428,Positive,joy,0.9401167035102844,Positive,Positive
59,8,"""less than a premium experience""",Rajan Parrikar,4th September 2023,TRUE,"London Heathrow to Keflavik, Iceland in Business Class on an A321. British Airways provides an unusual Business Class experience for intra-Europe flights. The seating is similar to most airlines - middle seat vacant and little extra space - but on British Airways the Business Class cabin extends to almost half the aircraft. This makes it less than a premium experience at every step, from boarding to onboard. The WiFi worked for only half the flight and there are no refunds. But when it worked it was surprisingly fast. Service on this flight was very good and we got to Keflavik on time.",Couple Leisure,Business Class,London to Keflavik,23-Aug,3,4,4,4,yes,A321,3,,3,london heathrow keflavik iceland business class a321. british airways provides unusual business class experience intra europe flights. seating similar airlines middle seat vacant little extra space british airways business class cabin extends almost half aircraft. makes less premium experience every step boarding onboard. wifi worked half flight refunds. worked surprisingly fast. service flight good got keflavik time.,101,"{'neg': 0.0, 'neu': 0.891, 'pos': 0.109, 'compound': 0.6808}",Positive,"Sentiment(polarity=0.034375, subjectivity=0.3)",0.3,0.034375,Positive,fear,0.6984039545059204,Negative,Positive
1405,1,"""Absolutely appalling service""",Charlie Davies,7th November 2017,FALSE,"Absolutely appalling service from BA! I booked seats with extra leg room with a BA representative to ensure I was getting the seats we needed. On arrival at the aircraft we did not have those seats, our return flight was the same. So I applied for a refund, after a lot of back and forth with BA they started paying it back, in drips and drabs, not the full amount - so far I have received half of the amount owed! I traveled 6 months ago - I have called a dozen times, emailed and filled out forms and the last I heard was that someone would contact me and would sort this matter out - no one has called back in 2 months now. When I call they say “you can’t chase anymore, You have to await for someone to call you” BA you are a disgrace, I have been patient and you have done nothing! Worst airline I have ever had to deal with!",Couple Leisure,Economy Class,London to New York,17-Nov,1,1,1,1,no,,1,4,,absolutely appalling service ba booked seats extra leg room ba representative ensure getting seats needed. arrival aircraft seats return flight same. applied refund lot back forth ba started paying back drips drabs full amount far received half amount owed traveled 6 months ago called dozen times emailed filled forms last heard someone would contact would sort matter one called back 2 months now. call say cannot chase anymore await someone call ba disgrace patient done nothing worst airline ever deal,163,"{'neg': 0.084, 'neu': 0.834, 'pos': 0.081, 'compound': -0.0759}",Neutral,"Sentiment(polarity=-0.05555555555555555, subjectivity=0.40069444444444446)",0.40069444444444446,-0.055555556,Negative,anger,0.7968369126319885,Negative,Negative
1297,8,"""Very satisfied with BA""",D Harschule,12th February 2018,TRUE,"Dusseldorf to London. Very satisfied with BA, Reasonable fares, on time, awesome cabin staff, going to the UK they are my favourite airline. In Club Europe I miss better seating and more leg room as first priority for Business.",Solo Leisure,Business Class,Dusseldorf to London,18-Feb,3,5,4,4,yes,A320,5,,,dusseldorf london. satisfied ba reasonable fares time awesome cabin staff going uk favourite airline. club europe miss better seating leg room first priority business.,39,"{'neg': 0.051, 'neu': 0.637, 'pos': 0.312, 'compound': 0.8481}",Positive,"Sentiment(polarity=0.49000000000000005, subjectivity=0.6866666666666668)",0.6866666666666668,0.49000000000000005,Positive,joy,0.9956961870193481,Positive,Positive
1897,3,"""inflight entertainment didn't work""",V Gallam,10th January 2017,FALSE,"Travelled British Airways from London to Kuala Lumpur return. Had a painful 13 hour fight as I had a window seat with a metal box in the leg room areas, which meant my feet were slanted to one side throughout the flight. On my way back, the inflight entertainment didn't work. After numerous attempts to reset by the cabin crew it still didn't work for my partner and I. For the price of the ticket this was not acceptable.",Couple Leisure,Economy Class,KUL to LHR,16-Dec,1,3,4,2,no,Boeing 787,2,1,1,travelled british airways london kuala lumpur return. painful 13 hour fight window seat metal box leg room areas meant feet slanted one side throughout flight. way back inflight entertainment work. numerous attempts reset cabin crew still work partner i. price ticket acceptable.,81,"{'neg': 0.113, 'neu': 0.782, 'pos': 0.105, 'compound': -0.1027}",Neutral,"Sentiment(polarity=-0.175, subjectivity=0.35)",0.35,-0.175,Negative,sadness,0.9909509420394897,Negative,Negative
1994,10,"""cabin was immaculate""",J Lemon,16th November 2016,FALSE,"London Heathrow to Washington Dulles with British Airways. This was our return journey to the U.S. as we had flown over to London on a BA B747-400 in First from DFW. We were warmly greeted upon boarding and escorted to our seats. The A380 interior in First cabin was immaculate with even more personal space at our seats when compared with the 747. Once again, the on board service was excellent as was the food and wine (although once again the steak was a bit overcooked). I truly hope we will be able to fly in First again one fine day with BA.",Couple Leisure,First Class,LHR to IAD,16-Nov,5,5,5,4,yes,A380,4,4,,london heathrow washington dulles british airways. return journey you.s. flown london ba b747 400 first dfw. warmly greeted upon boarding escorted seats. a380 interior first cabin immaculate even personal space seats compared 747. board service excellent food wine although steak bit overcooked . truly hope able fly first one fine day ba.,105,"{'neg': 0.0, 'neu': 0.736, 'pos': 0.264, 'compound': 0.9337}",Positive,"Sentiment(polarity=0.40666666666666673, subjectivity=0.4925)",0.4925,0.40666666666666673,Positive,joy,0.9566786289215088,Positive,Positive
95,4,"""pilot apologise at every step of the way""",D Keane,21st July 2023,TRUE,"Flight was delayed due to the inbound flight arriving late. There was no announcement to inform of the delay nor were the sceens updated. When ready to board we were requested to take our seats quickly to help reduce the delay, which people did. The pilot then announced he had received the documents for the wrong flight from ground staff, so we had to wait while they returned to get the right paperwork. After this was resolved, the pilot announced there would be a delay as there was only two push back tractors and we had to wait again. So after rushing to sit quickly, we sat the the aircraft at the gate for nearly one hour, which is longer than the flight takes ! Of course AMS is not BAs home base and it uses contracted staff here, but it should require a better level of service, It was embarrassing hearing the pilot apologise at every step of the way. It’ll be Eurostar for me next time.",Business,Economy Class,Amsterdam to London City ,23-Jul,3,4,1,2,no,E190,3,,,flight delayed due inbound flight arriving late. announcement inform delay sceens updated. ready board requested take seats quickly help reduce delay people did. pilot announced received documents wrong flight ground staff wait returned get right paperwork. resolved pilot announced would delay two push back tractors wait again. rushing sit quickly sat aircraft gate nearly one hour longer flight takes course ams bas home base uses contracted staff require better level service embarrassing hearing pilot apologise every step way. eurostar next time.,168,"{'neg': 0.15, 'neu': 0.722, 'pos': 0.128, 'compound': -0.2732}",Neutral,"Sentiment(polarity=0.0022817460317460236, subjectivity=0.4842261904761905)",0.4842261904761905,0.002281746,Positive,anger,0.7051296234130859,Negative,Negative
1736,4,"""what was I thinking flying this airline?""",Janeane Lanson,10th April 2017,FALSE,"What was I thinking flying this airline? For the second time travelling this airline our luggage has been lost. Two years ago London to Dublin our bags were lost for two days. So this flight our bags are left in London again! Now I'm stuck in Dubai in winter clothes, missing the pools and beaches at our resort waiting for our bags to turn up. It's only been 3 days now in the same clothes. Upside - service on board BA559 was excellent. However, business class on BA Europe flight is no different to economy so don't pay for business if you think you are getting a comfy seat.",Couple Leisure,Business Class,Rome to London,17-Apr,1,4,1,3,no,Boeing 767,4,1,1,thinking flying airline second time travelling airline luggage lost. two years ago london dublin bags lost two days. flight bags left london stuck dubai winter clothes missing pools beaches resort waiting bags turn up. 3 days clothes. upside service board ba559 excellent. however business class ba europe flight different economy pay business think getting comfy seat.,111,"{'neg': 0.162, 'neu': 0.779, 'pos': 0.059, 'compound': -0.5423}",Negative,"Sentiment(polarity=0.16, subjectivity=0.32999999999999996)",0.32999999999999996,0.16,Positive,sadness,0.9962498545646667,Negative,Negative
819,2,"""Noisy cabin, tiny screens""",A Hardein,30th July 2019,TRUE,"London Heathrow to Austin. 10 hour flight in a Boeing 747-400. Noisy cabin, tiny screens, collapsing headrest, chocolate on my seat. Selection of just a half dozen films and no wifi. Poor food with choices running out.",Family Leisure,Economy Class,London Heathrow to Austin,19-Jul,1,3,3,2,no,Boeing 747-400,1,1,1,london heathrow austin. 10 hour flight boeing 747 400. noisy cabin tiny screens collapsing headrest chocolate seat. selection half dozen films wifi. poor food choices running out.,38,"{'neg': 0.226, 'neu': 0.774, 'pos': 0.0, 'compound': -0.7184}",Negative,"Sentiment(polarity=-0.18888888888888888, subjectivity=0.4222222222222222)",0.4222222222222222,-0.188888889,Negative,sadness,0.5571867823600769,Negative,Negative
3634,6,British Airways customer review,Murat Nal,1st June 2014,FALSE,Tampa-Gatwick. Check in lousy. I can't believe I am writing this. Checking in 3 bags one weighed 32.7 kg the supervisor insisted I remove the .7kg (1lb) from the bag. I had to ask him if he was serious and he said he was. The person checking in next to me had the same problem. When you fly business class the reason you do is because you don't want stress this strictness doesn't help. Tampa airport didn't help the stress level either I had one carry on bag rucksack and a small bag for a laptop security to the gate insisted I was allowed two carry on's so I had to put two bags into one. Going through the third security the scanner showed I had something in my pocket. Body search revealed I had a few $ notes in my pocket. Security man 'when we say remove everything from your pocket we mean everything' I thought he was joking he wasn't. Lounge at Tampa Ok. Sandwiches freshly made and plenty of drinks reasonable space. Option of going to one world lounge as well. Boarding aircraft clean all seats in club taken offered champagne by very friendly cabin crew. Food usual just edible (insulting to passengers as you are paying business class monies) flight landed late. Baggage collection happy to see two of my check in's come out first and sad to see the last bag come out last as the priority tag had got removed of the last bag.,,Business Class,,,3,5,,4,yes,,3,2,,tampa gatwick. check lousy. cannot believe writing this. checking 3 bags one weighed 32.7 kg supervisor insisted remove .7kg 1lb bag. ask serious said was. person checking next problem. fly business class reason want stress strictness help. tampa airport help stress level either one carry bag rucksack small bag laptop security gate insisted allowed two carry put two bags one. going third security scanner showed something pocket. body search revealed notes pocket. security man say remove everything pocket mean everything thought joking not. lounge tampa ok. sandwiches freshly made plenty drinks reasonable space. option going one world lounge well. boarding aircraft clean seats club taken offered champagne friendly cabin crew. food usual edible insulting passengers paying business class monies flight landed late. baggage collection happy see two check come first sad see last bag come last priority tag got removed last bag.,256,"{'neg': 0.124, 'neu': 0.704, 'pos': 0.173, 'compound': 0.7515}",Positive,"Sentiment(polarity=0.006944444444444452, subjectivity=0.4922619047619048)",0.4922619047619048,0.006944444,Positive,sadness,0.7088301181793213,Negative,Negative
3622,10,British Airways customer review,Linda Bowen,4th June 2014,FALSE,Travelled from Barbados to London Gatwick and then onwards to Italy using British Airways in both instances. Returned to Gatwick on May 28 and again travelled by BA to Barbados. My experience in all instances was extremely positive. The flight crew on all flights accommodated my every request. The food was served at the right temperature at appropriate intervals and was tasty. I would definitely use this airline again.,,Economy Class,,,3,4,,5,yes,,5,4,,travelled barbados london gatwick onwards italy using british airways instances. returned gatwick may 28 travelled ba barbados. experience instances extremely positive. flight crew flights accommodated every request. food served right temperature appropriate intervals tasty. would definitely use airline again.,69,"{'neg': 0.0, 'neu': 0.849, 'pos': 0.151, 'compound': 0.7645}",Positive,"Sentiment(polarity=0.2025974025974026, subjectivity=0.4162337662337662)",0.4162337662337662,0.2025974025974026,Positive,joy,0.8794116377830505,Positive,Positive
1619,1,"""from bad to worse""",A Marham,7th June 2017,FALSE,"British Airways seems to be going from bad to worse. On my London Heathrow to Lisbon flight, the card machine didn't accept American credit cards so the gentleman next to me couldn't pay for his drink. The length of time it took the flight attendants to reach the back of the plane meant most people weren't offered anything to eat or drink until 30 minutes to landing. The flight attendants were very apologetic but you feel that they themselves are fed up and seem genuinely embarrassed to be working for BA. Return flight was delayed by 40 mins which seems to be a running theme with this airline. They are no better than the budget airlines but with anything other than budget prices.",Business,Economy Class,London Heathrow to Lisbon,17-Jun,2,3,1,1,no,,1,,,british airways seems going bad worse. london heathrow lisbon flight card machine accept american credit cards gentleman next could pay drink. length time took flight attendants reach back plane meant people offered anything eat drink 30 minutes landing. flight attendants apologetic feel fed seem genuinely embarrassed working ba. return flight delayed 40 mins seems running theme airline. better budget airlines anything budget prices.,126,"{'neg': 0.164, 'neu': 0.714, 'pos': 0.122, 'compound': -0.4939}",Neutral,"Sentiment(polarity=-0.02499999999999998, subjectivity=0.2833333333333333)",0.2833333333333333,-0.025,Negative,sadness,0.9978383183479309,Negative,Negative
2678,5,"""disgraceful level of cleanliness""",Jonathan Green,3rd October 2015,FALSE,"Nairobi to London with British Airways. The service was good, except that they gave given up on collecting jackets. Seat is getting tired - bits coming off. Disgraceful level of cleanliness - between the seat and the side of the cabin was a very old accumulation of fluff, mouldy peanuts, crumbs, an old sandwich wrapper and a mini mars bar (very old). Felt sick. Given this was highlighted in the press recently - it must be that British Airways really does not care.",Business,Business Class,Nairobi to London,15-Sep,3,4,4,3,no,,4,3,,nairobi london british airways. service good except gave given collecting jackets. seat getting tired bits coming off. disgraceful level cleanliness seat side cabin old accumulation fluff mouldy peanuts crumbs old sandwich wrapper mini mars bar old . felt sick. given highlighted press recently must british airways really care.,81,"{'neg': 0.112, 'neu': 0.773, 'pos': 0.115, 'compound': 0.0498}",Neutral,"Sentiment(polarity=-0.0012987012987013093, subjectivity=0.31883116883116885)",0.31883116883116885,-0.001298701,Negative,sadness,0.9819643497467041,Negative,Negative
999,1,"""offered me half the money""",Wayne Mckay,16th January 2019,TRUE,"We recently flew from London to Bologna, the aircraft was full and they requested that people place their cabin bags into the hold with checked in luggage to save space. So we did, when we arrived my carry on bag which has accompanied me on many flights over the past 3 years was damaged and beyond repair or use for our further journeys. So I approached the damaged/lost baggage area, lodged a claim and provided all the evidence, explained that we were continuing to travel and needed to replace the bag asap. I was advised by the representatives to ring BA service line. Made the call spoke about replacing the bag and what was reasonable and did that and submitted a claim. Well it is still going, despite replacing the bag with a cheaper version the total cost has not been refunded. They instead asked me to produce receipts from 3 years ago and then offered me half the money due to depreciation. Despite a good flight etc have this ongoing angst of the money they refused to refund.",Couple Leisure,Economy Class,London to Bologna,18-Dec,3,4,1,1,no,,,,,recently flew london bologna aircraft full requested people place cabin bags hold checked luggage save space. arrived carry bag accompanied many flights past 3 years damaged beyond repair use journeys. approached damaged lost baggage area lodged claim provided evidence explained continuing travel needed replace bag soon possible. advised representatives ring ba service line. made call spoke replacing bag reasonable submitted claim. well still going despite replacing bag cheaper version total cost refunded. instead asked produce receipts 3 years ago offered half money due depreciation. despite good flight etc ongoing angst money refused refund.,183,"{'neg': 0.125, 'neu': 0.823, 'pos': 0.052, 'compound': -0.7511}",Negative,"Sentiment(polarity=0.12083333333333335, subjectivity=0.5041666666666667)",0.5041666666666667,0.12083333333333335,Positive,sadness,0.9703725576400757,Negative,Negative
755,7,"""not too bad, all in all""",David Ellis,26th September 2019,TRUE,"The start of our journey back from from EFL was inauspicious, with hundreds of delayed and stranded passengers crammed into the departure lounge, awaiting flights on airlines other than BA. As it was, weather in the UK plus air traffic control issues meant that departure was delayed by 90 minutes. Once airborne in a refitted A320 (complete with a nice fresh leather smell!), cabin crew in CE were friendly and efficient, and the food (including a cod dish) was quite reasonable. It was interesting to note that the refit hadn't extended to the toilet which was looking distinctly worse for the wear. A big plus on the flight - and a first for me - was WiFi, which actually worked and was quite fast - although at a cost of £4.99 for an hour's use. I thought it was meant to be free for business class passengers, but evidently not. Landing made up for some time but we were parked right in the middle of nowhere because of a backlog of flights. However, BA had laid on a separate bus for CE passengers and we were out of the airport 30 minutes later. So, not too bad, all in all.",Couple Leisure,Business Class,Cephalonia to London ,19-Sep,3,4,3,3,yes,A320,4,,4,start journey back efl inauspicious hundreds delayed stranded passengers crammed departure lounge awaiting flights airlines ba. weather uk plus air traffic control issues meant departure delayed 90 minutes. airborne refitted a320 complete nice fresh leather smell cabin crew ce friendly efficient food including cod dish quite reasonable. interesting note refit extended toilet looking distinctly worse wear. big plus flight first wifi actually worked quite fast although cost 4.99 hour use. thought meant free business class passengers evidently not. landing made time parked right middle nowhere backlog flights. however ba laid separate bus ce passengers airport 30 minutes later. bad all.,199,"{'neg': 0.088, 'neu': 0.764, 'pos': 0.148, 'compound': 0.7893}",Positive,"Sentiment(polarity=0.07261904761904762, subjectivity=0.4192857142857142)",0.4192857142857142,0.072619048,Positive,joy,0.8928633332252502,Positive,Positive
0,1,"""Service level far worse then Ryanair""",L Keele,19th November 2023,TRUE,"4 Hours before takeoff we received a Mail stating a cryptic message that there are disruptions to be expected as there is a limit on how many planes can leave at the same time. So did the capacity of the Heathrow Airport really hit British Airways by surprise, 4h before departure? Anyhow - we took the one hour delay so what - but then we have been forced to check in our Hand luggage. I travel only with hand luggage to avoid waiting for the ultra slow processing of the checked in luggage. Overall 2h later at home than planed, with really no reason, just due to incompetent people. Service level far worse then Ryanair and triple the price. Really never again. Thanks for nothing.",Couple Leisure,Economy Class,London to Stuttgart,23-Nov,1,1,1,1,no,,,,,4 hours takeoff received mail stating cryptic message disruptions expected limit many planes leave time. capacity heathrow airport really hit british airways surprise 4h departure anyhow took one hour delay forced check hand luggage. travel hand luggage avoid waiting ultra slow processing checked luggage. overall 2h later home planed really reason due incompetent people. service level far worse ryanair triple price. really never again. thanks nothing.,123,"{'neg': 0.245, 'neu': 0.653, 'pos': 0.103, 'compound': -0.8668}",Negative,"Sentiment(polarity=-0.03166666666666666, subjectivity=0.30944444444444447)",0.30944444444444447,-0.031666667,Negative,fear,0.5064972043037415,Negative,Negative
1469,2,"""downgrade them to 3 stars""",Mike Gardiner,17th September 2017,FALSE,"London to Tokyo Haneda. Boeing 777 was tatty inside, cabin items (seats, carpets, tables etc) worn, and dirty. Sticky surfaces, and hate to think what germs are being stored here. Meal standards are very poor compared to Lufthansa and ANA that I flew earlier this year, reflects the BA move to being budget standard airline at premium prices. Cabin staff were nice but even they cannot make up for how poor other areas have gotten at BA. Time to remove the low-cost airline minded CEO there now, and surely Skytrax must now downgrade them to 3 stars at best? ",Business,Economy Class,London to Tokyo Haneda,17-Sep,2,4,3,1,no,Boeing 777,1,2,,london tokyo haneda. boeing 777 tatty inside cabin items seats carpets tables etc worn dirty. sticky surfaces hate think germs stored here. meal standards poor compared lufthansa ana flew earlier year reflects ba move budget standard airline premium prices. cabin staff nice even cannot make poor areas gotten ba. time remove low cost airline minded ceo surely skytrax must downgrade 3 stars best,100,"{'neg': 0.214, 'neu': 0.662, 'pos': 0.124, 'compound': -0.7351}",Negative,"Sentiment(polarity=-0.009999999999999964, subjectivity=0.5888888888888888)",0.5888888888888888,-0.01,Negative,sadness,0.8447468876838684,Negative,Negative
